id,subject,source,official_source,match_method,chars
ENG-FAST-NP-001,英语,2026-重庆英语快班练习题.pdf,第1章第2节 名词与代词-答案解析.pdf,official_record_by_order,225
ENG-FAST-NP-002,英语,2026-重庆英语快班练习题.pdf,第1章第2节 名词与代词-答案解析.pdf,official_record_by_order,205
ENG-FAST-NP-003,英语,2026-重庆英语快班练习题.pdf,第1章第2节 名词与代词-答案解析.pdf,official_record_by_order,201
ENG-FAST-NP-004,英语,2026-重庆英语快班练习题.pdf,第1章第2节 名词与代词-答案解析.pdf,official_record_by_order,139
ENG-FAST-NP-005,英语,2026-重庆英语快班练习题.pdf,第1章第2节 名词与代词-答案解析.pdf,official_record_by_order,196
ENG-FAST-NP-006,英语,2026-重庆英语快班练习题.pdf,第1章第2节 名词与代词-答案解析.pdf,official_record_by_order,178
ENG-FAST-NP-007,英语,2026-重庆英语快班练习题.pdf,第1章第2节 名词与代词-答案解析.pdf,official_record_by_order,185
ENG-FAST-NP-008,英语,2026-重庆英语快班练习题.pdf,第1章第2节 名词与代词-答案解析.pdf,official_record_by_order,173
ENG-FAST-NP-009,英语,2026-重庆英语快班练习题.pdf,第1章第2节 名词与代词-答案解析.pdf,official_record_by_order,162
ENG-FAST-NP-010,英语,2026-重庆英语快班练习题.pdf,第1章第2节 名词与代词-答案解析.pdf,official_record_by_order,141
ENG-FAST-NP-011,英语,2026-重庆英语快班练习题.pdf,第1章第2节 名词与代词-答案解析.pdf,official_record_by_order,174
ENG-FAST-NP-012,英语,2026-重庆英语快班练习题.pdf,第1章第2节 名词与代词-答案解析.pdf,official_record_by_order,209
ENG-FAST-NP-013,英语,2026-重庆英语快班练习题.pdf,第1章第2节 名词与代词-答案解析.pdf,official_record_by_order,178
ENG-FAST-NP-014,英语,2026-重庆英语快班练习题.pdf,第1章第2节 名词与代词-答案解析.pdf,official_record_by_order,190
ENG-FAST-NP-015,英语,2026-重庆英语快班练习题.pdf,第1章第2节 名词与代词-答案解析.pdf,official_record_by_order,266
ENG-FAST-NP-016,英语,2026-重庆英语快班练习题.pdf,第1章第2节 名词与代词-答案解析.pdf,official_record_by_order,150
ENG-FAST-NP-017,英语,2026-重庆英语快班练习题.pdf,第1章第2节 名词与代词-答案解析.pdf,official_record_by_order,201
ENG-FAST-NP-018,英语,2026-重庆英语快班练习题.pdf,第1章第2节 名词与代词-答案解析.pdf,official_record_by_order,240
ENG-FAST-NP-019,英语,2026-重庆英语快班练习题.pdf,第1章第2节 名词与代词-答案解析.pdf,official_record_by_order,185
ENG-FAST-NP-020,英语,2026-重庆英语快班练习题.pdf,第1章第2节 名词与代词-答案解析.pdf,official_record_by_order,205
ENG-FAST-NP-021,英语,2026-重庆英语快班练习题.pdf,第1章第2节 名词与代词-答案解析.pdf,official_record_by_order,358
ENG-FAST-NP-022,英语,2026-重庆英语快班练习题.pdf,第1章第2节 名词与代词-答案解析.pdf,official_record_by_order,301
ENG-FAST-NP-023,英语,2026-重庆英语快班练习题.pdf,第1章第2节 名词与代词-答案解析.pdf,official_record_by_order,331
ENG-FAST-NP-024,英语,2026-重庆英语快班练习题.pdf,第1章第2节 名词与代词-答案解析.pdf,official_record_by_order,195
ENG-FAST-NP-025,英语,2026-重庆英语快班练习题.pdf,第1章第2节 名词与代词-答案解析.pdf,official_record_by_order,306
MATH-FUNC-001,高数,2026-重庆高数同步练习册.pdf,数学基础精讲第一章第一节习题详解.pdf,official_record_by_order,443
MATH-FUNC-002,高数,2026-重庆高数同步练习册.pdf,数学基础精讲第一章第一节习题详解.pdf,official_record_by_order,581
MATH-FUNC-003,高数,2026-重庆高数同步练习册.pdf,数学基础精讲第一章第一节习题详解.pdf,official_record_by_order,88
MATH-FUNC-004,高数,2026-重庆高数同步练习册.pdf,数学基础精讲第一章第一节习题详解.pdf,official_record_by_order,154
MATH-FUNC-005,高数,2026-重庆高数同步练习册.pdf,数学基础精讲第一章第一节习题详解.pdf,official_record_by_order,315
MATH-FUNC-006,高数,2026-重庆高数同步练习册.pdf,数学基础精讲第一章第一节习题详解.pdf,official_record_by_order,139
MATH-FUNC-007,高数,2026-重庆高数同步练习册.pdf,数学基础精讲第一章第一节习题详解.pdf,official_record_by_order,254
MATH-FUNC-008,高数,2026-重庆高数同步练习册.pdf,数学基础精讲第一章第一节习题详解.pdf,official_record_by_order,193
MATH-FUNC-009,高数,2026-重庆高数同步练习册.pdf,数学基础精讲第一章第一节习题详解.pdf,official_record_by_order,195
MATH-FUNC-010,高数,2026-重庆高数同步练习册.pdf,数学基础精讲第一章第一节习题详解.pdf,official_record_by_order,160
MATH-FUNC-011,高数,2026-重庆高数同步练习册.pdf,数学基础精讲第一章第一节习题详解.pdf,official_record_by_order,142
MATH-FUNC-012,高数,2026-重庆高数同步练习册.pdf,数学基础精讲第一章第一节习题详解.pdf,official_record_by_order,249
MATH-FUNC-013,高数,2026-重庆高数同步练习册.pdf,数学基础精讲第一章第一节习题详解.pdf,official_record_by_order,321
MATH-FUNC-014,高数,2026-重庆高数同步练习册.pdf,数学基础精讲第一章第一节习题详解.pdf,official_record_by_order,115
MATH-FUNC-015,高数,2026-重庆高数同步练习册.pdf,数学基础精讲第一章第一节习题详解.pdf,official_record_by_order,249
MATH-FUNC-016,高数,2026-重庆高数同步练习册.pdf,数学基础精讲第一章第一节习题详解.pdf,official_record_by_order,132
MATH-FUNC-017,高数,2026-重庆高数同步练习册.pdf,数学基础精讲第一章第一节习题详解.pdf,official_record_by_order,156
MATH-FUNC-018,高数,2026-重庆高数同步练习册.pdf,数学基础精讲第一章第一节习题详解.pdf,official_record_by_order,484
MATH-FUNC-019,高数,2026-重庆高数同步练习册.pdf,数学基础精讲第一章第一节习题详解.pdf,official_record_by_order,575
MATH-FUNC-020,高数,2026-重庆高数同步练习册.pdf,数学基础精讲第一章第一节习题详解.pdf,official_record_by_order,81
MATH-FUNC-021,高数,2026-重庆高数同步练习册.pdf,数学基础精讲第一章第一节习题详解.pdf,official_record_by_order,133
MATH-FUNC-022,高数,2026-重庆高数同步练习册.pdf,数学基础精讲第一章第一节习题详解.pdf,official_record_by_order,76
MATH-FUNC-023,高数,2026-重庆高数同步练习册.pdf,数学基础精讲第一章第一节习题详解.pdf,official_record_by_order,111
MATH-FUNC-024,高数,2026-重庆高数同步练习册.pdf,数学基础精讲第一章第一节习题详解.pdf,official_record_by_order,115
MATH-FUNC-025,高数,2026-重庆高数同步练习册.pdf,数学基础精讲第一章第一节习题详解.pdf,official_record_by_order,124
MATH-FUNC-026,高数,2026-重庆高数同步练习册.pdf,数学基础精讲第一章第一节习题详解.pdf,official_record_by_order,145
MATH-FUNC-027,高数,2026-重庆高数同步练习册.pdf,数学基础精讲第一章第一节习题详解.pdf,official_record_by_order,110
MATH-FUNC-028,高数,2026-重庆高数同步练习册.pdf,数学基础精讲第一章第一节习题详解.pdf,official_record_by_order,124
MATH-FUNC-029,高数,2026-重庆高数同步练习册.pdf,数学基础精讲第一章第一节习题详解.pdf,official_record_by_order,149
COMP-BLUE-CH1-001,计算机,2026-重庆计算机同步练习册.pdf,【同步练习册详解】第一章汇总.pdf,official_record_by_order,119
COMP-BLUE-CH1-002,计算机,2026-重庆计算机同步练习册.pdf,【同步练习册详解】第一章汇总.pdf,official_record_by_order,54
COMP-BLUE-CH1-003,计算机,2026-重庆计算机同步练习册.pdf,【同步练习册详解】第一章汇总.pdf,official_record_by_order,77
COMP-BLUE-CH1-004,计算机,2026-重庆计算机同步练习册.pdf,【同步练习册详解】第一章汇总.pdf,official_record_by_order,76
COMP-BLUE-CH1-005,计算机,2026-重庆计算机同步练习册.pdf,【同步练习册详解】第一章汇总.pdf,official_record_by_order,53
COMP-BLUE-CH1-006,计算机,2026-重庆计算机同步练习册.pdf,【同步练习册详解】第一章汇总.pdf,official_record_by_order,55
COMP-BLUE-CH1-007,计算机,2026-重庆计算机同步练习册.pdf,【同步练习册详解】第一章汇总.pdf,official_record_by_order,64
COMP-BLUE-CH1-008,计算机,2026-重庆计算机同步练习册.pdf,【同步练习册详解】第一章汇总.pdf,official_record_by_order,69
COMP-BLUE-CH1-009,计算机,2026-重庆计算机同步练习册.pdf,【同步练习册详解】第一章汇总.pdf,official_record_by_order,46
COMP-BLUE-CH1-010,计算机,2026-重庆计算机同步练习册.pdf,【同步练习册详解】第一章汇总.pdf,official_record_by_order,43
COMP-BLUE-CH1-011,计算机,2026-重庆计算机同步练习册.pdf,【同步练习册详解】第一章汇总.pdf,official_record_by_order,46
COMP-BLUE-CH1-012,计算机,2026-重庆计算机同步练习册.pdf,【同步练习册详解】第一章汇总.pdf,official_record_by_order,64
COMP-BLUE-CH1-013,计算机,2026-重庆计算机同步练习册.pdf,【同步练习册详解】第一章汇总.pdf,official_record_by_order,63
COMP-BLUE-CH1-014,计算机,2026-重庆计算机同步练习册.pdf,【同步练习册详解】第一章汇总.pdf,official_record_by_order,402
COMP-BLUE-CH1-015,计算机,2026-重庆计算机同步练习册.pdf,【同步练习册详解】第一章汇总.pdf,official_record_by_order,150
COMP-BLUE-CH1-016,计算机,2026-重庆计算机同步练习册.pdf,【同步练习册详解】第一章汇总.pdf,official_record_by_order,338
COMP-BLUE-CH1-017,计算机,2026-重庆计算机同步练习册.pdf,【同步练习册详解】第一章汇总.pdf,official_record_by_order,329
COMP-BLUE-CH1-018,计算机,2026-重庆计算机同步练习册.pdf,【同步练习册详解】第一章汇总.pdf,official_record_by_order,220
COMP-BLUE-CH1-019,计算机,2026-重庆计算机同步练习册.pdf,【同步练习册详解】第一章汇总.pdf,official_record_by_order,54
COMP-BLUE-CH1-020,计算机,2026-重庆计算机同步练习册.pdf,【同步练习册详解】第一章汇总.pdf,official_record_by_order,175
COMP-BLUE-CH1-021,计算机,2026-重庆计算机同步练习册.pdf,【同步练习册详解】第一章汇总.pdf,official_record_by_order,154
COMP-BLUE-CH1-022,计算机,2026-重庆计算机同步练习册.pdf,【同步练习册详解】第一章汇总.pdf,official_record_by_order,200
COMP-BLUE-CH1-023,计算机,2026-重庆计算机同步练习册.pdf,【同步练习册详解】第一章汇总.pdf,official_record_by_order,118
COMP-BLUE-CH1-024,计算机,2026-重庆计算机同步练习册.pdf,【同步练习册详解】第一章汇总.pdf,official_record_by_order,372
COMP-BLUE-CH1-025,计算机,2026-重庆计算机同步练习册.pdf,【同步练习册详解】第一章汇总.pdf,official_record_by_order,39
COMP-BLUE-CH1-026,计算机,2026-重庆计算机同步练习册.pdf,【同步练习册详解】第一章汇总.pdf,official_record_by_order,86
COMP-BLUE-CH1-027,计算机,2026-重庆计算机同步练习册.pdf,【同步练习册详解】第一章汇总.pdf,official_record_by_order,97
COMP-BLUE-CH1-028,计算机,2026-重庆计算机同步练习册.pdf,【同步练习册详解】第一章汇总.pdf,official_record_by_order,103
COMP-BLUE-CH1-029,计算机,2026-重庆计算机同步练习册.pdf,【同步练习册详解】第一章汇总.pdf,official_record_by_order,96
COMP-BLUE-CH1-030,计算机,2026-重庆计算机同步练习册.pdf,【同步练习册详解】第一章汇总.pdf,official_record_by_order,90
COMP-BLUE-CH1-031,计算机,2026-重庆计算机同步练习册.pdf,【同步练习册详解】第一章汇总.pdf,official_record_by_order,52
COMP-BLUE-CH1-032,计算机,2026-重庆计算机同步练习册.pdf,【同步练习册详解】第一章汇总.pdf,official_record_by_order,96
COMP-BLUE-CH1-033,计算机,2026-重庆计算机同步练习册.pdf,【同步练习册详解】第一章汇总.pdf,official_record_by_order,100
COMP-BLUE-CH1-034,计算机,2026-重庆计算机同步练习册.pdf,【同步练习册详解】第一章汇总.pdf,official_record_by_order,84
COMP-BLUE-CH1-035,计算机,2026-重庆计算机同步练习册.pdf,【同步练习册详解】第一章汇总.pdf,official_record_by_order,89
COMP-BLUE-CH1-036,计算机,2026-重庆计算机同步练习册.pdf,【同步练习册详解】第一章汇总.pdf,official_record_by_order,75
COMP-BLUE-CH1-037,计算机,2026-重庆计算机同步练习册.pdf,【同步练习册详解】第一章汇总.pdf,official_record_by_order,113
COMP-BLUE-CH1-038,计算机,2026-重庆计算机同步练习册.pdf,【同步练习册详解】第一章汇总.pdf,official_record_by_order,114
COMP-BLUE-CH1-039,计算机,2026-重庆计算机同步练习册.pdf,【同步练习册详解】第一章汇总.pdf,official_record_by_order,85
COMP-BLUE-CH1-040,计算机,2026-重庆计算机同步练习册.pdf,【同步练习册详解】第一章汇总.pdf,official_record_by_order,84
COMP-BLUE-CH1-041,计算机,2026-重庆计算机同步练习册.pdf,【同步练习册详解】第一章汇总.pdf,official_record_by_order,169
COMP-BLUE-CH1-042,计算机,2026-重庆计算机同步练习册.pdf,【同步练习册详解】第一章汇总.pdf,official_record_by_order,72
COMP-BLUE-CH1-043,计算机,2026-重庆计算机同步练习册.pdf,【同步练习册详解】第一章汇总.pdf,official_record_by_order,86
COMP-BLUE-CH1-044,计算机,2026-重庆计算机同步练习册.pdf,【同步练习册详解】第一章汇总.pdf,official_record_by_order,95
COMP-BLUE-CH1-045,计算机,2026-重庆计算机同步练习册.pdf,【同步练习册详解】第一章汇总.pdf,official_record_by_order,86
COMP-BLUE-CH1-046,计算机,2026-重庆计算机同步练习册.pdf,【同步练习册详解】第一章汇总.pdf,official_record_by_order,136
COMP-BLUE-CH1-047,计算机,2026-重庆计算机同步练习册.pdf,【同步练习册详解】第一章汇总.pdf,official_record_by_order,83
COMP-BLUE-CH1-048,计算机,2026-重庆计算机同步练习册.pdf,【同步练习册详解】第一章汇总.pdf,official_record_by_order,79
COMP-BLUE-CH1-049,计算机,2026-重庆计算机同步练习册.pdf,【同步练习册详解】第一章汇总.pdf,official_record_by_order,99
COMP-BLUE-CH1-050,计算机,2026-重庆计算机同步练习册.pdf,【同步练习册详解】第一章汇总.pdf,official_record_by_order,93
COMP-BLUE-CH1-051,计算机,2026-重庆计算机同步练习册.pdf,【同步练习册详解】第一章汇总.pdf,official_record_by_order,101
COMP-BLUE-CH1-052,计算机,2026-重庆计算机同步练习册.pdf,【同步练习册详解】第一章汇总.pdf,official_record_by_order,96
COMP-BLUE-CH1-053,计算机,2026-重庆计算机同步练习册.pdf,【同步练习册详解】第一章汇总.pdf,official_record_by_order,89
COMP-BLUE-CH1-054,计算机,2026-重庆计算机同步练习册.pdf,【同步练习册详解】第一章汇总.pdf,official_record_by_order,94
COMP-BLUE-CH1-055,计算机,2026-重庆计算机同步练习册.pdf,【同步练习册详解】第一章汇总.pdf,official_record_by_order,99
COMP-BLUE-CH1-056,计算机,2026-重庆计算机同步练习册.pdf,【同步练习册详解】第一章汇总.pdf,official_record_by_order,118
COMP-BLUE-CH1-057,计算机,2026-重庆计算机同步练习册.pdf,【同步练习册详解】第一章汇总.pdf,official_record_by_order,113
COMP-BLUE-CH1-058,计算机,2026-重庆计算机同步练习册.pdf,【同步练习册详解】第一章汇总.pdf,official_record_by_order,72
COMP-BLUE-CH1-059,计算机,2026-重庆计算机同步练习册.pdf,【同步练习册详解】第一章汇总.pdf,official_record_by_order,127
COMP-BLUE-CH1-060,计算机,2026-重庆计算机同步练习册.pdf,【同步练习册详解】第一章汇总.pdf,official_record_by_order,83
COMP-BLUE-CH1-061,计算机,2026-重庆计算机同步练习册.pdf,【同步练习册详解】第一章汇总.pdf,official_record_by_order,151
COMP-BLUE-CH1-062,计算机,2026-重庆计算机同步练习册.pdf,【同步练习册详解】第一章汇总.pdf,official_record_by_order,69
COMP-BLUE-CH1-063,计算机,2026-重庆计算机同步练习册.pdf,【同步练习册详解】第一章汇总.pdf,official_record_by_order,47
COMP-BLUE-CH1-064,计算机,2026-重庆计算机同步练习册.pdf,【同步练习册详解】第一章汇总.pdf,official_record_by_order,56
COMP-BLUE-CH1-065,计算机,2026-重庆计算机同步练习册.pdf,【同步练习册详解】第一章汇总.pdf,official_record_by_order,58
COMP-BLUE-CH1-066,计算机,2026-重庆计算机同步练习册.pdf,【同步练习册详解】第一章汇总.pdf,official_record_by_order,46
COMP-BLUE-CH1-067,计算机,2026-重庆计算机同步练习册.pdf,【同步练习册详解】第一章汇总.pdf,official_record_by_order,53
COMP-BLUE-CH1-068,计算机,2026-重庆计算机同步练习册.pdf,【同步练习册详解】第一章汇总.pdf,official_record_by_order,62
COMP-BLUE-CH1-069,计算机,2026-重庆计算机同步练习册.pdf,【同步练习册详解】第一章汇总.pdf,official_record_by_order,74
COMP-BLUE-CH1-070,计算机,2026-重庆计算机同步练习册.pdf,【同步练习册详解】第一章汇总.pdf,official_record_by_order,48
COMP-BLUE-CH1-071,计算机,2026-重庆计算机同步练习册.pdf,【同步练习册详解】第一章汇总.pdf,official_record_by_order,40
COMP-BLUE-CH1-072,计算机,2026-重庆计算机同步练习册.pdf,【同步练习册详解】第一章汇总.pdf,official_record_by_order,60
COMP-BLUE-CH1-073,计算机,2026-重庆计算机同步练习册.pdf,【同步练习册详解】第一章汇总.pdf,official_record_by_order,261
COMP-BLUE-CH1-074,计算机,2026-重庆计算机同步练习册.pdf,【同步练习册详解】第一章汇总.pdf,official_record_by_order,534
COMP-BLUE-CH1-075,计算机,2026-重庆计算机同步练习册.pdf,【同步练习册详解】第一章汇总.pdf,official_record_by_order,251
COMP-BLUE-CH1-076,计算机,2026-重庆计算机同步练习册.pdf,【同步练习册详解】第一章汇总.pdf,official_record_by_order,65
COMP-BLUE-CH1-077,计算机,2026-重庆计算机同步练习册.pdf,【同步练习册详解】第一章汇总.pdf,official_record_by_order,99
COMP-BLUE-CH1-078,计算机,2026-重庆计算机同步练习册.pdf,【同步练习册详解】第一章汇总.pdf,official_record_by_order,98
COMP-BLUE-CH1-079,计算机,2026-重庆计算机同步练习册.pdf,【同步练习册详解】第一章汇总.pdf,official_record_by_order,125
COMP-BLUE-CH1-080,计算机,2026-重庆计算机同步练习册.pdf,【同步练习册详解】第一章汇总.pdf,official_record_by_order,121
COMP-BLUE-CH1-081,计算机,2026-重庆计算机同步练习册.pdf,【同步练习册详解】第一章汇总.pdf,official_record_by_order,77
COMP-BLUE-CH1-082,计算机,2026-重庆计算机同步练习册.pdf,【同步练习册详解】第一章汇总.pdf,official_record_by_order,54
COMP-BLUE-CH1-083,计算机,2026-重庆计算机同步练习册.pdf,【同步练习册详解】第一章汇总.pdf,official_record_by_order,143
COMP-BLUE-CH1-084,计算机,2026-重庆计算机同步练习册.pdf,【同步练习册详解】第一章汇总.pdf,official_record_by_order,56
COMP-BLUE-CH1-085,计算机,2026-重庆计算机同步练习册.pdf,【同步练习册详解】第一章汇总.pdf,official_record_by_order,294
COMP-BLUE-CH1-086,计算机,2026-重庆计算机同步练习册.pdf,【同步练习册详解】第一章汇总.pdf,official_record_by_order,68
COMP-BLUE-CH1-087,计算机,2026-重庆计算机同步练习册.pdf,【同步练习册详解】第一章汇总.pdf,official_record_by_order,64
COMP-BLUE-CH1-088,计算机,2026-重庆计算机同步练习册.pdf,【同步练习册详解】第一章汇总.pdf,official_record_by_order,142
COMP-BLUE-CH1-089,计算机,2026-重庆计算机同步练习册.pdf,【同步练习册详解】第一章汇总.pdf,official_record_by_order,112
COMP-BLUE-CH1-090,计算机,2026-重庆计算机同步练习册.pdf,【同步练习册详解】第一章汇总.pdf,official_record_by_order,100
COMP-BLUE-CH1-091,计算机,2026-重庆计算机同步练习册.pdf,【同步练习册详解】第一章汇总.pdf,official_record_by_order,113
COMP-BLUE-CH1-092,计算机,2026-重庆计算机同步练习册.pdf,【同步练习册详解】第一章汇总.pdf,official_record_by_order,93
COMP-BLUE-CH1-093,计算机,2026-重庆计算机同步练习册.pdf,【同步练习册详解】第一章汇总.pdf,official_record_by_order,120
COMP-BLUE-CH1-094,计算机,2026-重庆计算机同步练习册.pdf,【同步练习册详解】第一章汇总.pdf,official_record_by_order,83
COMP-BLUE-CH1-095,计算机,2026-重庆计算机同步练习册.pdf,【同步练习册详解】第一章汇总.pdf,official_record_by_order,57
COMP-BLUE-CH1-096,计算机,2026-重庆计算机同步练习册.pdf,【同步练习册详解】第一章汇总.pdf,official_record_by_order,89
COMP-BLUE-CH1-097,计算机,2026-重庆计算机同步练习册.pdf,【同步练习册详解】第一章汇总.pdf,official_record_by_order,104
COMP-BLUE-CH1-098,计算机,2026-重庆计算机同步练习册.pdf,【同步练习册详解】第一章汇总.pdf,official_record_by_order,81
COMP-BLUE-CH1-099,计算机,2026-重庆计算机同步练习册.pdf,【同步练习册详解】第一章汇总.pdf,official_record_by_order,104
COMP-BLUE-CH1-100,计算机,2026-重庆计算机同步练习册.pdf,【同步练习册详解】第一章汇总.pdf,official_record_by_order,102
COMP-BLUE-CH1-101,计算机,2026-重庆计算机同步练习册.pdf,【同步练习册详解】第一章汇总.pdf,official_record_by_order,68
COMP-BLUE-CH1-102,计算机,2026-重庆计算机同步练习册.pdf,【同步练习册详解】第一章汇总.pdf,official_record_by_order,50
COMP-BLUE-CH1-103,计算机,2026-重庆计算机同步练习册.pdf,【同步练习册详解】第一章汇总.pdf,official_record_by_order,70
COMP-BLUE-CH1-104,计算机,2026-重庆计算机同步练习册.pdf,【同步练习册详解】第一章汇总.pdf,official_record_by_order,61
COMP-BLUE-CH1-105,计算机,2026-重庆计算机同步练习册.pdf,【同步练习册详解】第一章汇总.pdf,official_record_by_order,56
COMP-BLUE-CH1-106,计算机,2026-重庆计算机同步练习册.pdf,【同步练习册详解】第一章汇总.pdf,official_record_by_order,54
COMP-BLUE-CH1-107,计算机,2026-重庆计算机同步练习册.pdf,【同步练习册详解】第一章汇总.pdf,official_record_by_order,65
COMP-BLUE-CH1-108,计算机,2026-重庆计算机同步练习册.pdf,【同步练习册详解】第一章汇总.pdf,official_record_by_order,53
COMP-BLUE-CH1-109,计算机,2026-重庆计算机同步练习册.pdf,【同步练习册详解】第一章汇总.pdf,official_record_by_order,102
COMP-BLUE-CH1-110,计算机,2026-重庆计算机同步练习册.pdf,【同步练习册详解】第一章汇总.pdf,official_record_by_order,58
COMP-BLUE-CH1-111,计算机,2026-重庆计算机同步练习册.pdf,【同步练习册详解】第一章汇总.pdf,official_record_by_order,81
COMP-BLUE-CH1-112,计算机,2026-重庆计算机同步练习册.pdf,【同步练习册详解】第一章汇总.pdf,official_record_by_order,53
COMP-BLUE-CH1-113,计算机,2026-重庆计算机同步练习册.pdf,【同步练习册详解】第一章汇总.pdf,official_record_by_order,57
COMP-BLUE-CH1-114,计算机,2026-重庆计算机同步练习册.pdf,【同步练习册详解】第一章汇总.pdf,official_record_by_order,52
COMP-BLUE-CH1-115,计算机,2026-重庆计算机同步练习册.pdf,【同步练习册详解】第一章汇总.pdf,official_record_by_order,76
COMP-BLUE-CH1-116,计算机,2026-重庆计算机同步练习册.pdf,【同步练习册详解】第一章汇总.pdf,official_record_by_order,48
COMP-BLUE-CH1-117,计算机,2026-重庆计算机同步练习册.pdf,【同步练习册详解】第一章汇总.pdf,official_record_by_order,98
COMP-BLUE-CH1-118,计算机,2026-重庆计算机同步练习册.pdf,【同步练习册详解】第一章汇总.pdf,official_record_by_order,74
COMP-BLUE-CH1-119,计算机,2026-重庆计算机同步练习册.pdf,【同步练习册详解】第一章汇总.pdf,official_record_by_order,51
COMP-BLUE-CH1-120,计算机,2026-重庆计算机同步练习册.pdf,【同步练习册详解】第一章汇总.pdf,official_record_by_order,124
COMP-BLUE-CH1-121,计算机,2026-重庆计算机同步练习册.pdf,【同步练习册详解】第一章汇总.pdf,official_record_by_order,118
COMP-BLUE-CH1-122,计算机,2026-重庆计算机同步练习册.pdf,【同步练习册详解】第一章汇总.pdf,official_record_by_order,79
COMP-BLUE-CH1-123,计算机,2026-重庆计算机同步练习册.pdf,【同步练习册详解】第一章汇总.pdf,official_record_by_order,87
COMP-BLUE-CH1-124,计算机,2026-重庆计算机同步练习册.pdf,【同步练习册详解】第一章汇总.pdf,official_record_by_order,187
COMP-BLUE-CH1-125,计算机,2026-重庆计算机同步练习册.pdf,【同步练习册详解】第一章汇总.pdf,official_record_by_order,120
COMP-BLUE-CH1-126,计算机,2026-重庆计算机同步练习册.pdf,【同步练习册详解】第一章汇总.pdf,official_record_by_order,116
COMP-BLUE-CH1-127,计算机,2026-重庆计算机同步练习册.pdf,【同步练习册详解】第一章汇总.pdf,official_record_by_order,291
COMP-BLUE-CH1-128,计算机,2026-重庆计算机同步练习册.pdf,【同步练习册详解】第一章汇总.pdf,official_record_by_order,107
COMP-BLUE-CH1-129,计算机,2026-重庆计算机同步练习册.pdf,【同步练习册详解】第一章汇总.pdf,official_record_by_order,117
COMP-CH3-002,计算机,(1)--2026-重庆-第3章-同步练习（答案+解析）-校对版.pdf,(1)--2026-重庆-第3章-同步练习（答案+解析）-校对版.pdf,official_000_record_by_number,223
COMP-CH3-003,计算机,(1)--2026-重庆-第3章-同步练习（答案+解析）-校对版.pdf,(1)--2026-重庆-第3章-同步练习（答案+解析）-校对版.pdf,official_000_record_by_number,179
COMP-CH3-004,计算机,(1)--2026-重庆-第3章-同步练习（答案+解析）-校对版.pdf,(1)--2026-重庆-第3章-同步练习（答案+解析）-校对版.pdf,official_000_record_by_number,204
COMP-CH3-005,计算机,(1)--2026-重庆-第3章-同步练习（答案+解析）-校对版.pdf,(1)--2026-重庆-第3章-同步练习（答案+解析）-校对版.pdf,official_000_record_by_number,296
COMP-CH3-006,计算机,(1)--2026-重庆-第3章-同步练习（答案+解析）-校对版.pdf,(1)--2026-重庆-第3章-同步练习（答案+解析）-校对版.pdf,official_000_record_by_number,373
COMP-CH3-007,计算机,(1)--2026-重庆-第3章-同步练习（答案+解析）-校对版.pdf,(1)--2026-重庆-第3章-同步练习（答案+解析）-校对版.pdf,official_000_record_by_number,199
COMP-CH3-008,计算机,(1)--2026-重庆-第3章-同步练习（答案+解析）-校对版.pdf,(1)--2026-重庆-第3章-同步练习（答案+解析）-校对版.pdf,official_000_record_by_number,387
COMP-CH3-009,计算机,(1)--2026-重庆-第3章-同步练习（答案+解析）-校对版.pdf,(1)--2026-重庆-第3章-同步练习（答案+解析）-校对版.pdf,official_000_record_by_number,177
COMP-CH3-010,计算机,(1)--2026-重庆-第3章-同步练习（答案+解析）-校对版.pdf,(1)--2026-重庆-第3章-同步练习（答案+解析）-校对版.pdf,official_000_record_by_number,271
COMP-CH3-011,计算机,(1)--2026-重庆-第3章-同步练习（答案+解析）-校对版.pdf,(1)--2026-重庆-第3章-同步练习（答案+解析）-校对版.pdf,official_000_record_by_number,282
COMP-CH3-012,计算机,(1)--2026-重庆-第3章-同步练习（答案+解析）-校对版.pdf,(1)--2026-重庆-第3章-同步练习（答案+解析）-校对版.pdf,official_000_record_by_number,153
COMP-CH3-013,计算机,(1)--2026-重庆-第3章-同步练习（答案+解析）-校对版.pdf,(1)--2026-重庆-第3章-同步练习（答案+解析）-校对版.pdf,official_000_record_by_number,247
COMP-CH3-014,计算机,(1)--2026-重庆-第3章-同步练习（答案+解析）-校对版.pdf,(1)--2026-重庆-第3章-同步练习（答案+解析）-校对版.pdf,official_000_record_by_number,176
COMP-CH3-015,计算机,(1)--2026-重庆-第3章-同步练习（答案+解析）-校对版.pdf,(1)--2026-重庆-第3章-同步练习（答案+解析）-校对版.pdf,official_000_record_by_number,444
COMP-CH3-017,计算机,(1)--2026-重庆-第3章-同步练习（答案+解析）-校对版.pdf,(1)--2026-重庆-第3章-同步练习（答案+解析）-校对版.pdf,official_000_record_by_number,202
COMP-CH3-018,计算机,(1)--2026-重庆-第3章-同步练习（答案+解析）-校对版.pdf,(1)--2026-重庆-第3章-同步练习（答案+解析）-校对版.pdf,official_000_record_by_number,246
COMP-CH3-019,计算机,(1)--2026-重庆-第3章-同步练习（答案+解析）-校对版.pdf,(1)--2026-重庆-第3章-同步练习（答案+解析）-校对版.pdf,official_000_record_by_number,289
COMP-CH3-020,计算机,(1)--2026-重庆-第3章-同步练习（答案+解析）-校对版.pdf,(1)--2026-重庆-第3章-同步练习（答案+解析）-校对版.pdf,official_000_record_by_number,232
COMP-CH3-021,计算机,(1)--2026-重庆-第3章-同步练习（答案+解析）-校对版.pdf,(1)--2026-重庆-第3章-同步练习（答案+解析）-校对版.pdf,official_000_record_by_number,240
COMP-CH3-022,计算机,(1)--2026-重庆-第3章-同步练习（答案+解析）-校对版.pdf,(1)--2026-重庆-第3章-同步练习（答案+解析）-校对版.pdf,official_000_record_by_number,418
COMP-CH3-023,计算机,(1)--2026-重庆-第3章-同步练习（答案+解析）-校对版.pdf,(1)--2026-重庆-第3章-同步练习（答案+解析）-校对版.pdf,official_000_record_by_number,370
COMP-CH3-024,计算机,(1)--2026-重庆-第3章-同步练习（答案+解析）-校对版.pdf,(1)--2026-重庆-第3章-同步练习（答案+解析）-校对版.pdf,official_000_record_by_number,360
COMP-CH3-025,计算机,(1)--2026-重庆-第3章-同步练习（答案+解析）-校对版.pdf,(1)--2026-重庆-第3章-同步练习（答案+解析）-校对版.pdf,official_000_record_by_number,188
COMP-CH3-026,计算机,(1)--2026-重庆-第3章-同步练习（答案+解析）-校对版.pdf,(1)--2026-重庆-第3章-同步练习（答案+解析）-校对版.pdf,official_000_record_by_number,149
COMP-CH3-027,计算机,(1)--2026-重庆-第3章-同步练习（答案+解析）-校对版.pdf,(1)--2026-重庆-第3章-同步练习（答案+解析）-校对版.pdf,official_000_record_by_number,263
COMP-CH3-028,计算机,(1)--2026-重庆-第3章-同步练习（答案+解析）-校对版.pdf,(1)--2026-重庆-第3章-同步练习（答案+解析）-校对版.pdf,official_000_record_by_number,237
COMP-CH3-029,计算机,(1)--2026-重庆-第3章-同步练习（答案+解析）-校对版.pdf,(1)--2026-重庆-第3章-同步练习（答案+解析）-校对版.pdf,official_000_record_by_number,485
COMP-CH3-030,计算机,(1)--2026-重庆-第3章-同步练习（答案+解析）-校对版.pdf,(1)--2026-重庆-第3章-同步练习（答案+解析）-校对版.pdf,official_000_record_by_number,214
COMP-CH3-031,计算机,(1)--2026-重庆-第3章-同步练习（答案+解析）-校对版.pdf,(1)--2026-重庆-第3章-同步练习（答案+解析）-校对版.pdf,official_000_record_by_number,283
COMP-CH3-032,计算机,(1)--2026-重庆-第3章-同步练习（答案+解析）-校对版.pdf,(1)--2026-重庆-第3章-同步练习（答案+解析）-校对版.pdf,official_000_record_by_number,221
COMP-CH3-033,计算机,(1)--2026-重庆-第3章-同步练习（答案+解析）-校对版.pdf,(1)--2026-重庆-第3章-同步练习（答案+解析）-校对版.pdf,official_000_record_by_number,179
COMP-CH3-034,计算机,(1)--2026-重庆-第3章-同步练习（答案+解析）-校对版.pdf,(1)--2026-重庆-第3章-同步练习（答案+解析）-校对版.pdf,official_000_record_by_number,197
COMP-CH3-035,计算机,(1)--2026-重庆-第3章-同步练习（答案+解析）-校对版.pdf,(1)--2026-重庆-第3章-同步练习（答案+解析）-校对版.pdf,official_000_record_by_number,83
COMP-CH3-036,计算机,(1)--2026-重庆-第3章-同步练习（答案+解析）-校对版.pdf,(1)--2026-重庆-第3章-同步练习（答案+解析）-校对版.pdf,official_000_record_by_number,304
COMP-CH3-037,计算机,(1)--2026-重庆-第3章-同步练习（答案+解析）-校对版.pdf,(1)--2026-重庆-第3章-同步练习（答案+解析）-校对版.pdf,official_000_record_by_number,204
COMP-CH3-038,计算机,(1)--2026-重庆-第3章-同步练习（答案+解析）-校对版.pdf,(1)--2026-重庆-第3章-同步练习（答案+解析）-校对版.pdf,official_000_record_by_number,160
COMP-CH3-039,计算机,(1)--2026-重庆-第3章-同步练习（答案+解析）-校对版.pdf,(1)--2026-重庆-第3章-同步练习（答案+解析）-校对版.pdf,official_000_record_by_number,390
COMP-CH3-040,计算机,(1)--2026-重庆-第3章-同步练习（答案+解析）-校对版.pdf,(1)--2026-重庆-第3章-同步练习（答案+解析）-校对版.pdf,official_000_record_by_number,487
COMP-CH3-041,计算机,(1)--2026-重庆-第3章-同步练习（答案+解析）-校对版.pdf,(1)--2026-重庆-第3章-同步练习（答案+解析）-校对版.pdf,official_000_record_by_number,501
COMP-CH3-042,计算机,(1)--2026-重庆-第3章-同步练习（答案+解析）-校对版.pdf,(1)--2026-重庆-第3章-同步练习（答案+解析）-校对版.pdf,official_000_record_by_number,501
COMP-CH3-043,计算机,(1)--2026-重庆-第3章-同步练习（答案+解析）-校对版.pdf,(1)--2026-重庆-第3章-同步练习（答案+解析）-校对版.pdf,official_000_record_by_number,319
COMP-CH3-044,计算机,(1)--2026-重庆-第3章-同步练习（答案+解析）-校对版.pdf,(1)--2026-重庆-第3章-同步练习（答案+解析）-校对版.pdf,official_000_record_by_number,260
COMP-CH3-045,计算机,(1)--2026-重庆-第3章-同步练习（答案+解析）-校对版.pdf,(1)--2026-重庆-第3章-同步练习（答案+解析）-校对版.pdf,official_000_record_by_number,158
COMP-CH3-046,计算机,(1)--2026-重庆-第3章-同步练习（答案+解析）-校对版.pdf,(1)--2026-重庆-第3章-同步练习（答案+解析）-校对版.pdf,official_000_record_by_number,82
COMP-CH3-047,计算机,(1)--2026-重庆-第3章-同步练习（答案+解析）-校对版.pdf,(1)--2026-重庆-第3章-同步练习（答案+解析）-校对版.pdf,official_000_record_by_number,113
COMP-CH3-048,计算机,(1)--2026-重庆-第3章-同步练习（答案+解析）-校对版.pdf,(1)--2026-重庆-第3章-同步练习（答案+解析）-校对版.pdf,official_000_record_by_number,268
COMP-CH3-049,计算机,(1)--2026-重庆-第3章-同步练习（答案+解析）-校对版.pdf,(1)--2026-重庆-第3章-同步练习（答案+解析）-校对版.pdf,official_000_record_by_number,349
COMP-CH3-050,计算机,(1)--2026-重庆-第3章-同步练习（答案+解析）-校对版.pdf,(1)--2026-重庆-第3章-同步练习（答案+解析）-校对版.pdf,official_000_record_by_number,325
COMP-CH3-051,计算机,(1)--2026-重庆-第3章-同步练习（答案+解析）-校对版.pdf,(1)--2026-重庆-第3章-同步练习（答案+解析）-校对版.pdf,official_000_record_by_number,203
COMP-CH3-052,计算机,(1)--2026-重庆-第3章-同步练习（答案+解析）-校对版.pdf,(1)--2026-重庆-第3章-同步练习（答案+解析）-校对版.pdf,official_000_record_by_number,220
COMP-CH3-053,计算机,(1)--2026-重庆-第3章-同步练习（答案+解析）-校对版.pdf,(1)--2026-重庆-第3章-同步练习（答案+解析）-校对版.pdf,official_000_record_by_number,132
COMP-CH3-054,计算机,(1)--2026-重庆-第3章-同步练习（答案+解析）-校对版.pdf,(1)--2026-重庆-第3章-同步练习（答案+解析）-校对版.pdf,official_000_record_by_number,141
COMP-CH3-055,计算机,(1)--2026-重庆-第3章-同步练习（答案+解析）-校对版.pdf,(1)--2026-重庆-第3章-同步练习（答案+解析）-校对版.pdf,official_000_record_by_number,272
COMP-CH3-056,计算机,(1)--2026-重庆-第3章-同步练习（答案+解析）-校对版.pdf,(1)--2026-重庆-第3章-同步练习（答案+解析）-校对版.pdf,official_000_record_by_number,305
COMP-CH3-057,计算机,(1)--2026-重庆-第3章-同步练习（答案+解析）-校对版.pdf,(1)--2026-重庆-第3章-同步练习（答案+解析）-校对版.pdf,official_000_record_by_number,153
COMP-CH3-058,计算机,(1)--2026-重庆-第3章-同步练习（答案+解析）-校对版.pdf,(1)--2026-重庆-第3章-同步练习（答案+解析）-校对版.pdf,official_000_record_by_number,144
COMP-CH3-059,计算机,(1)--2026-重庆-第3章-同步练习（答案+解析）-校对版.pdf,(1)--2026-重庆-第3章-同步练习（答案+解析）-校对版.pdf,official_000_record_by_number,233
COMP-CH3-060,计算机,(1)--2026-重庆-第3章-同步练习（答案+解析）-校对版.pdf,(1)--2026-重庆-第3章-同步练习（答案+解析）-校对版.pdf,official_000_record_by_number,189
COMP-CH3-061,计算机,(1)--2026-重庆-第3章-同步练习（答案+解析）-校对版.pdf,(1)--2026-重庆-第3章-同步练习（答案+解析）-校对版.pdf,official_000_record_by_number,145
COMP-CH3-062,计算机,(1)--2026-重庆-第3章-同步练习（答案+解析）-校对版.pdf,(1)--2026-重庆-第3章-同步练习（答案+解析）-校对版.pdf,official_000_record_by_number,288
COMP-CH3-063,计算机,(1)--2026-重庆-第3章-同步练习（答案+解析）-校对版.pdf,(1)--2026-重庆-第3章-同步练习（答案+解析）-校对版.pdf,official_000_record_by_number,303
COMP-CH3-064,计算机,(1)--2026-重庆-第3章-同步练习（答案+解析）-校对版.pdf,(1)--2026-重庆-第3章-同步练习（答案+解析）-校对版.pdf,official_000_record_by_number,198
COMP-CH3-065,计算机,(1)--2026-重庆-第3章-同步练习（答案+解析）-校对版.pdf,(1)--2026-重庆-第3章-同步练习（答案+解析）-校对版.pdf,official_000_record_by_number,201
COMP-CH3-066,计算机,(1)--2026-重庆-第3章-同步练习（答案+解析）-校对版.pdf,(1)--2026-重庆-第3章-同步练习（答案+解析）-校对版.pdf,official_000_record_by_number,292
COMP-CH3-067,计算机,(1)--2026-重庆-第3章-同步练习（答案+解析）-校对版.pdf,(1)--2026-重庆-第3章-同步练习（答案+解析）-校对版.pdf,official_000_record_by_number,168
COMP-CH3-068,计算机,(1)--2026-重庆-第3章-同步练习（答案+解析）-校对版.pdf,(1)--2026-重庆-第3章-同步练习（答案+解析）-校对版.pdf,official_000_record_by_number,364
COMP-CH3-069,计算机,(1)--2026-重庆-第3章-同步练习（答案+解析）-校对版.pdf,(1)--2026-重庆-第3章-同步练习（答案+解析）-校对版.pdf,official_000_record_by_number,155
COMP-CH3-070,计算机,(1)--2026-重庆-第3章-同步练习（答案+解析）-校对版.pdf,(1)--2026-重庆-第3章-同步练习（答案+解析）-校对版.pdf,official_000_record_by_number,285
COMP-CH3-071,计算机,(1)--2026-重庆-第3章-同步练习（答案+解析）-校对版.pdf,(1)--2026-重庆-第3章-同步练习（答案+解析）-校对版.pdf,official_000_record_by_number,118
COMP-CH3-072,计算机,(1)--2026-重庆-第3章-同步练习（答案+解析）-校对版.pdf,(1)--2026-重庆-第3章-同步练习（答案+解析）-校对版.pdf,official_000_record_by_number,148
COMP-CH3-073,计算机,(1)--2026-重庆-第3章-同步练习（答案+解析）-校对版.pdf,(1)--2026-重庆-第3章-同步练习（答案+解析）-校对版.pdf,official_000_record_by_number,164
COMP-CH3-074,计算机,(1)--2026-重庆-第3章-同步练习（答案+解析）-校对版.pdf,(1)--2026-重庆-第3章-同步练习（答案+解析）-校对版.pdf,official_000_record_by_number,222
COMP-CH3-075,计算机,(1)--2026-重庆-第3章-同步练习（答案+解析）-校对版.pdf,(1)--2026-重庆-第3章-同步练习（答案+解析）-校对版.pdf,official_000_record_by_number,52
COMP-CH3-076,计算机,(1)--2026-重庆-第3章-同步练习（答案+解析）-校对版.pdf,(1)--2026-重庆-第3章-同步练习（答案+解析）-校对版.pdf,official_000_record_by_number,259
COMP-CH3-077,计算机,(1)--2026-重庆-第3章-同步练习（答案+解析）-校对版.pdf,(1)--2026-重庆-第3章-同步练习（答案+解析）-校对版.pdf,official_000_record_by_number,118
COMP-CH3-078,计算机,(1)--2026-重庆-第3章-同步练习（答案+解析）-校对版.pdf,(1)--2026-重庆-第3章-同步练习（答案+解析）-校对版.pdf,official_000_record_by_number,159
COMP-CH3-079,计算机,(1)--2026-重庆-第3章-同步练习（答案+解析）-校对版.pdf,(1)--2026-重庆-第3章-同步练习（答案+解析）-校对版.pdf,official_000_record_by_number,249
COMP-CH3-080,计算机,(1)--2026-重庆-第3章-同步练习（答案+解析）-校对版.pdf,(1)--2026-重庆-第3章-同步练习（答案+解析）-校对版.pdf,official_000_record_by_number,327
COMP-CH3-081,计算机,(1)--2026-重庆-第3章-同步练习（答案+解析）-校对版.pdf,(1)--2026-重庆-第3章-同步练习（答案+解析）-校对版.pdf,official_000_record_by_number,332
COMP-CH3-082,计算机,(1)--2026-重庆-第3章-同步练习（答案+解析）-校对版.pdf,(1)--2026-重庆-第3章-同步练习（答案+解析）-校对版.pdf,official_000_record_by_number,141
COMP-CH3-083,计算机,(1)--2026-重庆-第3章-同步练习（答案+解析）-校对版.pdf,(1)--2026-重庆-第3章-同步练习（答案+解析）-校对版.pdf,official_000_record_by_number,109
COMP-CH3-084,计算机,(1)--2026-重庆-第3章-同步练习（答案+解析）-校对版.pdf,(1)--2026-重庆-第3章-同步练习（答案+解析）-校对版.pdf,official_000_record_by_number,202
COMP-CH3-085,计算机,(1)--2026-重庆-第3章-同步练习（答案+解析）-校对版.pdf,(1)--2026-重庆-第3章-同步练习（答案+解析）-校对版.pdf,official_000_record_by_number,235
COMP-CH3-086,计算机,(1)--2026-重庆-第3章-同步练习（答案+解析）-校对版.pdf,(1)--2026-重庆-第3章-同步练习（答案+解析）-校对版.pdf,official_000_record_by_number,172
COMP-CH3-087,计算机,(1)--2026-重庆-第3章-同步练习（答案+解析）-校对版.pdf,(1)--2026-重庆-第3章-同步练习（答案+解析）-校对版.pdf,official_000_record_by_number,331
COMP-CH3-088,计算机,(1)--2026-重庆-第3章-同步练习（答案+解析）-校对版.pdf,(1)--2026-重庆-第3章-同步练习（答案+解析）-校对版.pdf,official_000_record_by_number,463
COMP-CH3-089,计算机,(1)--2026-重庆-第3章-同步练习（答案+解析）-校对版.pdf,(1)--2026-重庆-第3章-同步练习（答案+解析）-校对版.pdf,official_000_record_by_number,217
COMP-CH3-090,计算机,(1)--2026-重庆-第3章-同步练习（答案+解析）-校对版.pdf,(1)--2026-重庆-第3章-同步练习（答案+解析）-校对版.pdf,official_000_record_by_number,296
COMP-CH3-091,计算机,(1)--2026-重庆-第3章-同步练习（答案+解析）-校对版.pdf,(1)--2026-重庆-第3章-同步练习（答案+解析）-校对版.pdf,official_000_record_by_number,214
COMP-CH3-092,计算机,(1)--2026-重庆-第3章-同步练习（答案+解析）-校对版.pdf,(1)--2026-重庆-第3章-同步练习（答案+解析）-校对版.pdf,official_000_record_by_number,330
COMP-CH3-094,计算机,(1)--2026-重庆-第3章-同步练习（答案+解析）-校对版.pdf,(1)--2026-重庆-第3章-同步练习（答案+解析）-校对版.pdf,official_000_record_by_number,212
COMP-CH3-095,计算机,(1)--2026-重庆-第3章-同步练习（答案+解析）-校对版.pdf,(1)--2026-重庆-第3章-同步练习（答案+解析）-校对版.pdf,official_000_record_by_number,284
COMP-CH3-096,计算机,(1)--2026-重庆-第3章-同步练习（答案+解析）-校对版.pdf,(1)--2026-重庆-第3章-同步练习（答案+解析）-校对版.pdf,official_000_record_by_number,229
COMP-CH3-097,计算机,(1)--2026-重庆-第3章-同步练习（答案+解析）-校对版.pdf,(1)--2026-重庆-第3章-同步练习（答案+解析）-校对版.pdf,official_000_record_by_number,311
COMP-CH3-098,计算机,(1)--2026-重庆-第3章-同步练习（答案+解析）-校对版.pdf,(1)--2026-重庆-第3章-同步练习（答案+解析）-校对版.pdf,official_000_record_by_number,111
COMP-CH3-099,计算机,(1)--2026-重庆-第3章-同步练习（答案+解析）-校对版.pdf,(1)--2026-重庆-第3章-同步练习（答案+解析）-校对版.pdf,official_000_record_by_number,140
COMP-CH3-100,计算机,(1)--2026-重庆-第3章-同步练习（答案+解析）-校对版.pdf,(1)--2026-重庆-第3章-同步练习（答案+解析）-校对版.pdf,official_000_record_by_number,362
COMP-CH3-101,计算机,(1)--2026-重庆-第3章-同步练习（答案+解析）-校对版.pdf,(1)--2026-重庆-第3章-同步练习（答案+解析）-校对版.pdf,official_000_record_by_number,244
COMP-CH3-102,计算机,(1)--2026-重庆-第3章-同步练习（答案+解析）-校对版.pdf,(1)--2026-重庆-第3章-同步练习（答案+解析）-校对版.pdf,official_000_record_by_number,212
COMP-CH3-104,计算机,(1)--2026-重庆-第3章-同步练习（答案+解析）-校对版.pdf,(1)--2026-重庆-第3章-同步练习（答案+解析）-校对版.pdf,official_000_record_by_number,208
COMP-CH3-105,计算机,(1)--2026-重庆-第3章-同步练习（答案+解析）-校对版.pdf,(1)--2026-重庆-第3章-同步练习（答案+解析）-校对版.pdf,official_000_record_by_number,212
COMP-CH3-106,计算机,(1)--2026-重庆-第3章-同步练习（答案+解析）-校对版.pdf,(1)--2026-重庆-第3章-同步练习（答案+解析）-校对版.pdf,official_000_record_by_number,343
COMP-CH3-107,计算机,(1)--2026-重庆-第3章-同步练习（答案+解析）-校对版.pdf,(1)--2026-重庆-第3章-同步练习（答案+解析）-校对版.pdf,official_000_record_by_number,189
COMP-CH3-108,计算机,(1)--2026-重庆-第3章-同步练习（答案+解析）-校对版.pdf,(1)--2026-重庆-第3章-同步练习（答案+解析）-校对版.pdf,official_000_record_by_number,334
COMP-CH3-109,计算机,(1)--2026-重庆-第3章-同步练习（答案+解析）-校对版.pdf,(1)--2026-重庆-第3章-同步练习（答案+解析）-校对版.pdf,official_000_record_by_number,294
COMP-CH3-110,计算机,(1)--2026-重庆-第3章-同步练习（答案+解析）-校对版.pdf,(1)--2026-重庆-第3章-同步练习（答案+解析）-校对版.pdf,official_000_record_by_number,289
COMP-CH3-111,计算机,(1)--2026-重庆-第3章-同步练习（答案+解析）-校对版.pdf,(1)--2026-重庆-第3章-同步练习（答案+解析）-校对版.pdf,official_000_record_by_number,309
COMP-CH3-112,计算机,(1)--2026-重庆-第3章-同步练习（答案+解析）-校对版.pdf,(1)--2026-重庆-第3章-同步练习（答案+解析）-校对版.pdf,official_000_record_by_number,150
COMP-CH3-113,计算机,(1)--2026-重庆-第3章-同步练习（答案+解析）-校对版.pdf,(1)--2026-重庆-第3章-同步练习（答案+解析）-校对版.pdf,official_000_record_by_number,296
COMP-CH3-114,计算机,(1)--2026-重庆-第3章-同步练习（答案+解析）-校对版.pdf,(1)--2026-重庆-第3章-同步练习（答案+解析）-校对版.pdf,official_000_record_by_number,161
COMP-CH3-115,计算机,(1)--2026-重庆-第3章-同步练习（答案+解析）-校对版.pdf,(1)--2026-重庆-第3章-同步练习（答案+解析）-校对版.pdf,official_000_record_by_number,187
COMP-CH3-116,计算机,(1)--2026-重庆-第3章-同步练习（答案+解析）-校对版.pdf,(1)--2026-重庆-第3章-同步练习（答案+解析）-校对版.pdf,official_000_record_by_number,297
COMP-CH3-117,计算机,(1)--2026-重庆-第3章-同步练习（答案+解析）-校对版.pdf,(1)--2026-重庆-第3章-同步练习（答案+解析）-校对版.pdf,official_000_record_by_number,202
COMP-CH3-118,计算机,(1)--2026-重庆-第3章-同步练习（答案+解析）-校对版.pdf,(1)--2026-重庆-第3章-同步练习（答案+解析）-校对版.pdf,official_000_record_by_number,237
COMP-CH3-120,计算机,(1)--2026-重庆-第3章-同步练习（答案+解析）-校对版.pdf,(1)--2026-重庆-第3章-同步练习（答案+解析）-校对版.pdf,official_000_record_by_number,197
COMP-CH3-121,计算机,(1)--2026-重庆-第3章-同步练习（答案+解析）-校对版.pdf,(1)--2026-重庆-第3章-同步练习（答案+解析）-校对版.pdf,official_000_record_by_number,164
COMP-CH3-122,计算机,(1)--2026-重庆-第3章-同步练习（答案+解析）-校对版.pdf,(1)--2026-重庆-第3章-同步练习（答案+解析）-校对版.pdf,official_000_record_by_number,338
COMP-CH3-123,计算机,(1)--2026-重庆-第3章-同步练习（答案+解析）-校对版.pdf,(1)--2026-重庆-第3章-同步练习（答案+解析）-校对版.pdf,official_000_record_by_number,298
COMP-CH3-124,计算机,(1)--2026-重庆-第3章-同步练习（答案+解析）-校对版.pdf,(1)--2026-重庆-第3章-同步练习（答案+解析）-校对版.pdf,official_000_record_by_number,157
COMP-CH3-125,计算机,(1)--2026-重庆-第3章-同步练习（答案+解析）-校对版.pdf,(1)--2026-重庆-第3章-同步练习（答案+解析）-校对版.pdf,official_000_record_by_number,171
COMP-CH3-126,计算机,(1)--2026-重庆-第3章-同步练习（答案+解析）-校对版.pdf,(1)--2026-重庆-第3章-同步练习（答案+解析）-校对版.pdf,official_000_record_by_number,362
COMP-CH3-127,计算机,(1)--2026-重庆-第3章-同步练习（答案+解析）-校对版.pdf,(1)--2026-重庆-第3章-同步练习（答案+解析）-校对版.pdf,official_000_record_by_number,306
COMP-CH3-128,计算机,(1)--2026-重庆-第3章-同步练习（答案+解析）-校对版.pdf,(1)--2026-重庆-第3章-同步练习（答案+解析）-校对版.pdf,official_000_record_by_number,195
COMP-CH3-129,计算机,(1)--2026-重庆-第3章-同步练习（答案+解析）-校对版.pdf,(1)--2026-重庆-第3章-同步练习（答案+解析）-校对版.pdf,official_000_record_by_number,219
COMP-CH3-130,计算机,(1)--2026-重庆-第3章-同步练习（答案+解析）-校对版.pdf,(1)--2026-重庆-第3章-同步练习（答案+解析）-校对版.pdf,official_000_record_by_number,253
COMP-CH3-134,计算机,(1)--2026-重庆-第3章-同步练习（答案+解析）-校对版.pdf,(1)--2026-重庆-第3章-同步练习（答案+解析）-校对版.pdf,official_000_record_by_number,197
COMP-CH3-135,计算机,(1)--2026-重庆-第3章-同步练习（答案+解析）-校对版.pdf,(1)--2026-重庆-第3章-同步练习（答案+解析）-校对版.pdf,official_000_record_by_number,204
COMP-CH3-136,计算机,(1)--2026-重庆-第3章-同步练习（答案+解析）-校对版.pdf,(1)--2026-重庆-第3章-同步练习（答案+解析）-校对版.pdf,official_000_record_by_number,204
COMP-CH3-137,计算机,(1)--2026-重庆-第3章-同步练习（答案+解析）-校对版.pdf,(1)--2026-重庆-第3章-同步练习（答案+解析）-校对版.pdf,official_000_record_by_number,186
COMP-CH3-138,计算机,(1)--2026-重庆-第3章-同步练习（答案+解析）-校对版.pdf,(1)--2026-重庆-第3章-同步练习（答案+解析）-校对版.pdf,official_000_record_by_number,443
COMP-CH3-140,计算机,(1)--2026-重庆-第3章-同步练习（答案+解析）-校对版.pdf,(1)--2026-重庆-第3章-同步练习（答案+解析）-校对版.pdf,official_000_record_by_number,750
COMP-CH3-142,计算机,(1)--2026-重庆-第3章-同步练习（答案+解析）-校对版.pdf,(1)--2026-重庆-第3章-同步练习（答案+解析）-校对版.pdf,official_000_record_by_number,590
COMP-CH3-143,计算机,(1)--2026-重庆-第3章-同步练习（答案+解析）-校对版.pdf,(1)--2026-重庆-第3章-同步练习（答案+解析）-校对版.pdf,official_000_record_by_number,565
COMP-CH3-144,计算机,(1)--2026-重庆-第3章-同步练习（答案+解析）-校对版.pdf,(1)--2026-重庆-第3章-同步练习（答案+解析）-校对版.pdf,official_000_record_by_number,506
COMP-CH3-146,计算机,(1)--2026-重庆-第3章-同步练习（答案+解析）-校对版.pdf,(1)--2026-重庆-第3章-同步练习（答案+解析）-校对版.pdf,official_000_record_by_number,419
