id,chapter,type,stem
COMP-0001,第一章 计算机基础,单项选择题,1. 世界上公认的第一台计算机是在 ( )年诞生的。
COMP-0002,第一章 计算机基础,单项选择题,2. 下列叙述正确的是 ( )。
COMP-0003,第一章 计算机基础,单项选择题,3. 用来表示计算机辅助设计的英文缩写是 ( )。
COMP-0004,第一章 计算机基础,单项选择题,4. 计算机的发展阶段通常是按计算机所采用的 ( )来划分的。
COMP-0005,第一章 计算机基础,单项选择题,5. 计算机中的指令和数据采用 ( )存储。
COMP-0007,第一章 计算机基础,单项选择题,7. 计算机能直接执行 ( )。
COMP-0009,第一章 计算机基础,单项选择题,9. 关于计算机的发展及基本知识，不正确的是 ( )
COMP-0013,第一章 计算机基础,单项选择题,13. 将基础设施作为服务的云计算服务类型是 ( )。
COMP-0014,第一章 计算机基础,单项选择题,14. 在下列技术中，不属于物联网关键技术的是 ( )。
COMP-0016,第一章 计算机基础,单项选择题,16. 与十进制数 291 等值的十六进制数为 ( )。
COMP-0018,第一章 计算机基础,单项选择题,18. 通常用十六进制数，而不用二进制书写计算机中的数，是因为 ( )。
COMP-0019,第一章 计算机基础,单项选择题,19. 与十六进制数 B5 等值的二进制数是 ( )。
COMP-0020,第一章 计算机基础,单项选择题,20. 已知有不同进制的数， a=(111101)₂，b=(3 C)₁₆，c=(64)₁₀，则不等式 ( )成立。
COMP-0021,第一章 计算机基础,单项选择题,21. 八进制中，小数点左边第四位上的位权是8的 ( )次方。
COMP-0022,第一章 计算机基础,单项选择题,22. 下列式子中成立的是 ( )
COMP-0023,第一章 计算机基础,单项选择题,23. 下列有关“基数”表述正确的是 ( )。
COMP-0024,第一章 计算机基础,单项选择题,24. 存储容量 1GB 等于 ( ) 。
COMP-0025,第一章 计算机基础,单项选择题,25. 存储容量1TB 等于 ( ) 。
COMP-0028,第一章 计算机基础,单项选择题,28. 用户从键盘上输入的汉字编码被称为 ( )。
COMP-0029,第一章 计算机基础,单项选择题,29. 用于在计算机内部存储、处理汉字的编码称为汉字 ( )。
COMP-0030,第一章 计算机基础,单项选择题,30. 汉字系统中的汉字字库里存放的是汉字的 ( )。
COMP-0031,第一章 计算机基础,单项选择题,31. 下列各选项中不属于汉字输入码的是 ( )。
COMP-0032,第一章 计算机基础,单项选择题,32. 在计算机领域中，标准 AS CII码用一个字节即8位二进制数来表示一个字符，这个字节的变化范围是 ( )。
COMP-0033,第一章 计算机基础,单项选择题,33. 下列关于 ASCⅡ编码的叙述中， 正确的是 ( ) 。
COMP-0034,第一章 计算机基础,单项选择题,34. 下列关于计算机的叙述中，不正确的一条是 )。
COMP-0035,第一章 计算机基础,单项选择题,35. 8位二进制数最多能表示 ( )种不同状态。
COMP-0036,第一章 计算机基础,单项选择题,36. 在下列关于计算思维的说法中，正确的是 ( )。
COMP-0039,第一章 计算机基础,单项选择题,39. 关于社会信息化的说法，错误的是 ( )。
COMP-0040,第一章 计算机基础,单项选择题,40. 算式37+6=45正确， 则该算式采用的进制是 ( ) 。
COMP-0041,第一章 计算机基础,单项选择题,41. 如果等式2+5=10成立， 则6+4= ( ) 。
COMP-0042,第一章 计算机基础,单项选择题,42. 一个字节由8个二进制位组成，那么两个字节所能表示的最大的十六进制整数为( )。
COMP-0043,第一章 计算机基础,单项选择题,43. 把十进制数-123表示为机器数的原码形式为 ( )。
COMP-0044,第一章 计算机基础,单项选择题,44. 对于汉字编码，以下说法中正确的是 ( )。
COMP-0045,第一章 计算机基础,单项选择题,45. 汉字的字形码可以用点阵方式来表示，以下关于汉字点阵的描述中，正确的是 ( )。
COMP-0046,第一章 计算机基础,单项选择题,46. 一个汉字的机内码与国标码之间的差别是 ( )。
COMP-0047,第一章 计算机基础,单项选择题,47. 二进制数01001101和11010011进行“逻辑或”运算， 运算结果再与二进制数01011101进行“逻辑与”运算，结果为 ( )。
COMP-0048,第一章 计算机基础,单项选择题,48. 十进制数转换成二进制数的方法是 ( )。
COMP-0049,第一章 计算机基础,单项选择题,49. 若某进制的运算中5×9=39，则在该进制下4×7的结果是 ( ) 。
COMP-0050,第一章 计算机基础,单项选择题,50. 将十六进制数直接转换成二进制数时，每一位十六进制数对应的二进制数的位数是( ) 。
COMP-0051,第一章 计算机基础,单项选择题,51. 下列描述中，正确的是 ( )。
COMP-0052,第一章 计算机基础,单项选择题,52. 关于数据的描述中，错误的是 ( )。
COMP-0053,第一章 计算机基础,单项选择题,53. 汉字信息交换码 ( )是我国颁布的国家标准。
COMP-0055,第一章 计算机基础,单项选择题,55. 在微机中，西文字符所采用的编码是 ( )。
COMP-0056,第一章 计算机基础,单项选择题,56. 五笔字型汉字输入法的编码属于 ( )。
COMP-0057,第一章 计算机基础,单项选择题,57. 显示或打印汉字时，系统使用的是汉字的 ( )。
COMP-0058,第一章 计算机基础,单项选择题,58. 已知英文字母m的 ASCⅡ码值为6 DH， 那么 AS CII码值为71H的英文字母是 ( ) 。
COMP-0059,第一章 计算机基础,单项选择题,59. 若已知一汉字的国标码是5E38H， 则其内码是 ( ) 。
COMP-0060,第一章 计算机基础,单项选择题,60. 在数制的转换中，下列叙述中正确的一条是 ( )。
COMP-0061,第一章 计算机基础,单项选择题,61. 下列不属于计算机特点的是 ( )。
COMP-0062,第一章 计算机基础,单项选择题,62. 计算机之所以能按人们的意图自动进行工作，最直接的原因是因为采用了 ( )。
COMP-0063,第一章 计算机基础,单项选择题,63. 电子计算机最早的应用领域是 ( )。
COMP-0064,第一章 计算机基础,单项选择题,64. 存储一个 48×48点阵的汉字字形码需要的字节数是 ( )。
COMP-0066,第一章 计算机基础,判断题,1. 从计算机的用途上看，人们家里使用的普通计算机都是专用计算机。
COMP-0067,第一章 计算机基础,判断题,2. 计算机的特点是存储容量大，运算精度低。
COMP-0068,第一章 计算机基础,判断题,3. 在计算机发展的过程中，人们先后发明的计算机依次是：微型机—小型机—大型机—巨型机。
COMP-0069,第一章 计算机基础,判断题,4. 位权是指数码在不同位置上的权值。
COMP-0070,第一章 计算机基础,判断题,5. 八进制数是由1、2、3、4、5、6、7、8这8个数码组成的。
COMP-0071,第一章 计算机基础,判断题,6. 计算机中的字符， 一般采用ASCⅡ码编码方案。若已知“H”的ASCⅡ码为48H， 则可推断出“J”的ASCⅡ码为50H。
COMP-0072,第一章 计算机基础,判断题,7. 汉字字形码是用来将汉字显示到屏幕上或打印到纸上所需要的图形数据。
COMP-0074,第一章 计算机基础,判断题,9. 计算机智能化是指计算机具有人的感觉和思维过程的能力，从而取代人的全部能力。
COMP-0076,第一章 计算机基础,填空题,2. 交易双方都是企业的电子商务形式称为___________________。
COMP-0077,第一章 计算机基础,填空题,3. 二进制数111011转换成八进制为 __________________。
COMP-0078,第一章 计算机基础,填空题,4. 将八进制数56转化为二进制数为__________________。
COMP-0079,第一章 计算机基础,填空题,5. 二进制数 1010111转换成八进制数是__________________。
COMP-0084,第一章 计算机基础,填空题,10. 通常规定一个数的_________________ 作为符号位，“0”表示正，“1”表示负。
COMP-0086,第一章 计算机基础,填空题,12. 在微机系统中，普遍使用的字符编码是__________________。
COMP-0088,第一章 计算机基础,填空题,14. 表示6种状态至少需要__________________位二进制数。
COMP-0090,第一章 计算机基础,填空题,16. 执行二进制数算术加法运算: 10101010+00101010=__________________。
COMP-0091,第一章 计算机基础,填空题,17. 5 位无符号二进制数字最大能表示的十进制整数是 __________________。
COMP-0092,第一章 计算机基础,填空题,18. 用24×24点阵的汉字字模存放汉字，100个汉字需要的存储容量为__________________。
COMP-0094,第一章 计算机基础,填空题,20. 总的来说，计算思维方法有两大类 一类是来自__________________的方法；另一类是计算机科学独有的方法。
COMP-0095,第一章 计算机基础,填空题,21. 二进制数1011.11的等值十进制为__________________。
COMP-0096,第一章 计算机基础,填空题,22. 在计算机内设有某进制数3+4=10， 则6+5= __________________。
COMP-0097,第一章 计算机基础,填空题,23. 十进制数97.75转换为二进制数是__________________。
COMP-0098,第一章 计算机基础,填空题,24. 十进制数0.6875 转换为二进制数为__________________。
COMP-0099,第一章 计算机基础,填空题,25. 在一个非零无符号二进制整数末尾去掉一个0，则此数的值为原数的__________________倍。
COMP-0100,第一章 计算机基础,填空题,26. “N”的 ASCⅡ码为4EH， 由此可推算出ASCⅡ码为01001010B所对应的字符是_______________________。
COMP-0101,第一章 计算机基础,填空题,27. 对于一个2K B的存储空间，其地址可以是000H到__________________ H。
COMP-0102,第一章 计算机基础,填空题,28. 汉字“中”字的国标码对应的十六进制为5650H(二进制为01010110 01010000)， 则它对应的机内码用十六进制表示为 ______________________________________。
COMP-0103,第一章 计算机基础,简答题,1. 什么是信息?什么是数据?二者有何关系?
COMP-0105,第二章 计算机系统组成,单项选择题,1. 指令的操作码表示的是 ( )。
COMP-0106,第二章 计算机系统组成,单项选择题,2. 指令的执行一般分为三个步骤 ，以下( )不属于三个步骤之一。
COMP-0107,第二章 计算机系统组成,单项选择题,3. 计算机是通过执行 ( )所规定的各种指令来处理各种数据的。
COMP-0108,第二章 计算机系统组成,单项选择题,4. 计算机系统由 ( )。
COMP-0109,第二章 计算机系统组成,单项选择题,5. 微处理器是将运算器、 ( )、高速内部缓存集成在一起的超大规模集成电路芯片，是计算机中最重要的核心部件。
COMP-0110,第二章 计算机系统组成,单项选择题,6. 计算机工作时，需首先将程序读入 ( )中，控制器按指令地址从中取出指令(按地址顺序访问指令)，然后分析指令，再执行指令。
COMP-0111,第二章 计算机系统组成,单项选择题,7. 计算机工作时突然电源中断，则计算机 ( )将全部丢失，再次通电后也不能恢复。
COMP-0112,第二章 计算机系统组成,单项选择题,8. ROM是指 ( ) 。
COMP-0113,第二章 计算机系统组成,单项选择题,9. 配置高速缓冲存储器(Cache)是为了解决 ( ) 。
COMP-0114,第二章 计算机系统组成,单项选择题,10. ( )总线即通用串行总线，是一种新型接口标准，目前广泛地应用于计算机、摄像机、数码相机和手机等多种数码设备上。
COMP-0115,第二章 计算机系统组成,单项选择题,11. 主存储器多由半导体存储器组成，按读写特性可以分为 ( )。
COMP-0116,第二章 计算机系统组成,单项选择题,12. 使用 Cache 可以提高计算机运行速度，这是因为 ( )。
COMP-0117,第二章 计算机系统组成,单项选择题,13. 显示器显示图像的清晰程度，主要取决于显示器的 ( )。
COMP-0118,第二章 计算机系统组成,单项选择题,14. 微型计算机的系统总线是 CPU 与其他部件之间传送 ( )信息的公共通道。
COMP-0121,第二章 计算机系统组成,单项选择题,17. 输入设备是将原始信息转化为计算机能接收的( ，以便计算机能够处理的设备。
COMP-0122,第二章 计算机系统组成,单项选择题,18. 下列一组设备包括输入设备、输出设备和存储设备的是 ( )。
COMP-0123,第二章 计算机系统组成,单项选择题,19. DR AM 的中文含义是 ( ) 。
COMP-0124,第二章 计算机系统组成,单项选择题,20. 将一张软盘设置写保护后，则对该软盘来说 ( )。
COMP-0125,第二章 计算机系统组成,单项选择题,21. 下面有关总线的说法中不正确的是 ( )。
COMP-0126,第二章 计算机系统组成,单项选择题,22. 下列存储器中，读写速度由高到低顺序排列正确的是 ( )。
COMP-0127,第二章 计算机系统组成,单项选择题,23. 在系统总线中，地址总线的位数 ( )。
COMP-0128,第二章 计算机系统组成,单项选择题,24. 下列关于US B接口的叙述中，错误的是 ( )。
COMP-0129,第二章 计算机系统组成,单项选择题,25. 一台完整的微型计算机是由存储器、输入设备、输出设备和 ( )组成的。
COMP-0130,第二章 计算机系统组成,单项选择题,26. 计算机中对数据进行加工与处理的部件，通常称为 ( )。
COMP-0131,第二章 计算机系统组成,单项选择题,27. 为解决某一特定问题而设计的指令序列称为 ( )。
COMP-0132,第二章 计算机系统组成,单项选择题,28. ( )是用户和计算机硬件系统之间的接口，它为用户和应用软件提供了访问和控制计算机硬件的桥梁。
COMP-0133,第二章 计算机系统组成,单项选择题,29. ( )是计算机系统唯一能识别的、不需要翻译直接供机器使用的程序设计语言。
COMP-0134,第二章 计算机系统组成,单项选择题,30. ( )对源程序是一边翻译，一边执行，并不产生目标程序。
COMP-0135,第二章 计算机系统组成,单项选择题,31. 以下 ( )是计算机程序设计语言所经历的主要阶段。
COMP-0136,第二章 计算机系统组成,单项选择题,32. ( )称为完整的计算机软件。
COMP-0137,第二章 计算机系统组成,单项选择题,33. 下列选项中不属于应用软件范畴的是 ( )
COMP-0138,第二章 计算机系统组成,单项选择题,34. 下列软件中属于系统软件的是 ( )。
COMP-0139,第二章 计算机系统组成,单项选择题,35. 关于计算机语言，下面叙述不正确的是 ( )。
COMP-0140,第二章 计算机系统组成,单项选择题,36. ( )语言是用助记符代替操作码、地址符号代替操作数的面向机器的语言。
COMP-0141,第二章 计算机系统组成,单项选择题,37. 编译程序的作用是 ( )。
COMP-0143,第二章 计算机系统组成,单项选择题,39. 常用来标识计算机运算速度的单位是 ( )。
COMP-0146,第二章 计算机系统组成,单项选择题,42. 下列常用术语中，描述错误的是 ( )。
COMP-0147,第二章 计算机系统组成,单项选择题,43. 硬盘工作时应特别注意避免 ( )的影响。
COMP-0148,第二章 计算机系统组成,单项选择题,44. 衡量计算机运算速度的一个常用单位是 MIPS，其含义是 ( )。
COMP-0149,第二章 计算机系统组成,单项选择题,45. 内存与外存相比，其主要特点是 ( )
COMP-0150,第二章 计算机系统组成,单项选择题,46. 在当前计算机领域中，通常用GHz来描述计算机的 ( )。
COMP-0151,第二章 计算机系统组成,单项选择题,47. 下面关于内存储器 (也称为主存)的叙述中，正确的是 ( )。
COMP-0152,第二章 计算机系统组成,单项选择题,48. 主板上CMOS芯片的主要用途是 ( ) 。
COMP-0153,第二章 计算机系统组成,单项选择题,49. 有一个 32KB 的内存储器，用十六进制数对它的地址进行编码，则编号可从0000H到( ) 。
COMP-0154,第二章 计算机系统组成,单项选择题,50. 假设计算机显示器的颜色质量为256色，则一个像素能用 ( )个字节表示。
COMP-0155,第二章 计算机系统组成,单项选择题,51. 以下叙述中，错误的是 )。
COMP-0156,第二章 计算机系统组成,单项选择题,52. 汇编语言是一种 ( ) 。
COMP-0157,第二章 计算机系统组成,单项选择题,53. 下列关于存储器的叙述，错误的是 ( )
COMP-0158,第二章 计算机系统组成,单项选择题,54. 下列关于指令执行过程的叙述，错误的是 ( )。
COMP-0159,第二章 计算机系统组成,单项选择题,55. 下列关于PC机主板的叙述，错误的是 ( )。
COMP-0160,第二章 计算机系统组成,单项选择题,56. 下列关于内存地址的叙述，错误的是 ( )。
COMP-0161,第二章 计算机系统组成,单项选择题,57. 为了解决内存容量不足问题，操作系统通常将一部分外存空间当作内存使用，这种技术是 ( )。
COMP-0162,第二章 计算机系统组成,单项选择题,58. 下列属于面向对象程序设计语言的是 ( )。
COMP-0164,第二章 计算机系统组成,单项选择题,60. 可以存放临时数据的独立存储单元是 ( )。
COMP-0167,第二章 计算机系统组成,单项选择题,63. 用高级程序设计语言编写的程序 ( )。
COMP-0168,第二章 计算机系统组成,单项选择题,64. 在计算机指令中，规定其所执行操作功能的部分称为 ( )。
COMP-0169,第二章 计算机系统组成,单项选择题,65. 计算机软件的确切含义是 ( )。
COMP-0170,第二章 计算机系统组成,单项选择题,66. 计算机的技术性能指标主要是指 ( )。
COMP-0171,第二章 计算机系统组成,单项选择题,67. 下列设备组中，完全属于外部设备的一组是 ( )。
COMP-0172,第二章 计算机系统组成,单项选择题,68. 下列叙述中，正确的是 ( ) 。
COMP-0173,第二章 计算机系统组成,单项选择题,69. 假设某台式计算机的内存储器容量为128MB，硬盘容量为10B。硬盘的容量是内存容量的 ( )。
COMP-0175,第二章 计算机系统组成,单项选择题,71. 解释程序的功能是 ( )。
COMP-0177,第二章 计算机系统组成,单项选择题,73. 下列各组软件中，全部属于(应用软件的是 ( )。
COMP-0178,第二章 计算机系统组成,单项选择题,74. 下列说法正确的是 ( ) 。
COMP-0179,第二章 计算机系统组成,单项选择题,75. 操作系统对磁盘进行读/写操作的物理单位是 ( )。
COMP-0180,第二章 计算机系统组成,单项选择题,76. 下列关于磁道的说法中，正确的是 ( )。
COMP-0181,第二章 计算机系统组成,单项选择题,77. 为了提高软件开发效率，开发软件时应尽量采用 ( )。
COMP-0182,第二章 计算机系统组成,单项选择题,78. 运算器 ( ALU) 的功能是 ( ) 。
COMP-0183,第二章 计算机系统组成,单项选择题,79. 下列说法中，错误的是 ( )。
COMP-0185,第二章 计算机系统组成,判断题,1. 微处理器是将运算器、控制器、高速内部缓存集成在一起的超大规模集成电路芯片，没有它计算机也可以工作。
COMP-0187,第二章 计算机系统组成,判断题,3. 主板是微型计算机系统中最大的一块电路板，它需要插到插槽中才能工作。
COMP-0188,第二章 计算机系统组成,判断题,4. 中央处理器和主存储器构成计算机的主体，称为主机。
COMP-0191,第二章 计算机系统组成,判断题,7. CPU的时钟频率是专门用来记忆时间的。
COMP-0192,第二章 计算机系统组成,判断题,8. 目前个人计算机普遍采用多核 CPU，所谓“多核”是将多个 CPU集成在同一芯片内。
COMP-0193,第二章 计算机系统组成,判断题,9. 在计算机中，用来解释并指挥协调各功能部件执行程序的是控制器。
COMP-0194,第二章 计算机系统组成,判断题,10. 计算机执行两条指令需要的时间称为指令周期。
COMP-0195,第二章 计算机系统组成,判断题,11. 主频即时钟频率，是指计算机 CPU在单位时间内发出的脉冲数，它在很大程度上决定了计算机的运算速度。
COMP-0196,第二章 计算机系统组成,填空题,1. 当计算机在工作时，有两种信息在执行指令的过程中流动，分别为______________和控制流。
COMP-0198,第二章 计算机系统组成,填空题,3. 在计算机的外部设备中，打印机属于______________设备。
COMP-0199,第二章 计算机系统组成,填空题,4. 显示系统是由显示器和______________ 两部分组成。
COMP-0200,第二章 计算机系统组成,填空题,5. 显示器的分辨率指水平分辨率和______________ 的乘积。
COMP-0201,第二章 计算机系统组成,填空题,6. 用MIPS为单位来衡量计算机的性能，它用来描述计算机的 ______________
COMP-0202,第二章 计算机系统组成,填空题,7. ______________ 设备是人与计算机联系的接口，用户可以通过它与计算机交换信息。
COMP-0204,第二章 计算机系统组成,填空题,9. 语言编译软件按分类来看是属于 ______________软件。
COMP-0205,第二章 计算机系统组成,填空题,10. 机器语言中每一个语句又称为 ______________ 。
COMP-0206,第二章 计算机系统组成,简答题,1. 简述计算机中存储器的分类及特点。
COMP-0207,第二章 计算机系统组成,简答题,2. 什么是输入设备和输出设备?目前常用的输入设备和输出设备有哪些?
COMP-0212,第三章 操作系统,单项选择题,1. 有关绿色软件和非绿色软件的说法中，正确的是 ( )。
COMP-0213,第三章 操作系统,单项选择题,2. DOS操作系统属于 ( ) 。
COMP-0214,第三章 操作系统,单项选择题,3. Windows是一种 ( ) 。
COMP-0215,第三章 操作系统,单项选择题,4. 以下软件不属于常见操作系统的是 ( )。
COMP-0216,第三章 操作系统,单项选择题,5. 计算机能及时响应外部事件的请求，在规定的严格时间内完成对该事件的处理，并控制所有实时设备和实时任务协调一致地工作的操作系统是 ( )。
COMP-0217,第三章 操作系统,单项选择题,6. 操作系统将 CPU 的时间资源划分成极短的时间片，轮流分配给各终端用户，使终端用户单独分享 CPU的时间片，有独占计算机的感觉，这种操作系统称为 ( )。
COMP-0218,第三章 操作系统,单项选择题,7. Linux 是一种 ( ) 。
COMP-0220,第三章 操作系统,单项选择题,9. 在下列操作系统中，属于分时系统的是 ( )。
COMP-0222,第三章 操作系统,单项选择题,11. 在下列操作系统中，运行在苹果公司Macintosh 系列计算机上的操作系统是 ( )。
COMP-0223,第三章 操作系统,单项选择题,12. 对使用计算机的普通用户而言，操作系统的作用是 ( )。
COMP-0224,第三章 操作系统,单项选择题,13. ( )是用户使用计算机时最先接触到的软件，在此基础上用户才可利用计算机的各种资源。
COMP-0225,第三章 操作系统,单项选择题,14. 下列有关操作系统的描述中不正确的是 ( )。
COMP-0226,第三章 操作系统,单项选择题,15. 用户无须了解计算机硬件或系统软件的有关细节就能方便地使用计算机，其根本原因在于 ( )的存在。
COMP-0227,第三章 操作系统,单项选择题,16. 以下关于操作系统的描述，不正确的是 ( )。
COMP-0228,第三章 操作系统,单项选择题,17. 在操作系统中，文件系统的主要作用是 ( )。
COMP-0229,第三章 操作系统,单项选择题,18. 在下列关于进程的说法中，正确的是 ( )。
COMP-0230,第三章 操作系统,单项选择题,19. 在下列关于线程的说法中，错误的是 ( )。
COMP-0231,第三章 操作系统,单项选择题,20. 以下关于用户账户的描述，不正确的是 ( )。
COMP-0232,第三章 操作系统,单项选择题,21. 在 Windows 的系统工具中， 磁盘碎片整理程序的功能是 ( ) 。
COMP-0234,第三章 操作系统,单项选择题,23. 在 Windows操作系统中，如要搜索文件名以“Bd”开头的所有纯文本文件，在搜索对话框中输入正确的是 ( )。
COMP-0235,第三章 操作系统,单项选择题,24. 关于磁盘的根目录，不正确的描述是 ( )。
COMP-0236,第三章 操作系统,单项选择题,25. 在Windows操作系统中， 在搜索文件或文件夹时， 若查找内容为“a?d.*x*”， 则可能查到的文件是 ( )。
COMP-0237,第三章 操作系统,单项选择题,26. 在 Windows操作系统中，可以检查硬盘的逻辑和物理错误并可以修复已损坏区域的程序是 ( )。
COMP-0238,第三章 操作系统,单项选择题,27. 文件的扩展名一般描述的是 ( )。
COMP-0239,第三章 操作系统,单项选择题,28. 所谓的硬件“即插即用”是指 ( )。
COMP-0240,第三章 操作系统,单项选择题,29. 在大多数 Windows应用程序中，打开“帮助”窗口最常用的快捷键是 ( ) 。
COMP-0241,第三章 操作系统,单项选择题,30. 在 Windows操作系统中， 关于文件和文件夹的描述， 错误的是 ( ) 。
COMP-0242,第三章 操作系统,单项选择题,31. 在 Windows操作系统中，若在某一文档中连续进行了多次剪切操作，当关闭该文档后，剪贴板中存放的是 ( )。
COMP-0243,第三章 操作系统,单项选择题,32. 以下关于 Windows中“剪贴板”的说法， 不正确的是 ( )
COMP-0244,第三章 操作系统,单项选择题,33. 关于 Windows系统“回收站”的说法中正确的是 ( ) 。
COMP-0246,第三章 操作系统,单项选择题,35. 下列关于操作系统的主要特性说法错误的是 ( )。
COMP-0247,第三章 操作系统,单项选择题,36. 在 Windows操作系统中，要查看 Windows的版本、CPU 型号和主频、内存大小等信息，可以使用 ( )操作。
COMP-0248,第三章 操作系统,单项选择题,37. 在 Windows操作系统中，要想使用快捷键直接打开资源管理器，应按下 ( )键。
COMP-0249,第三章 操作系统,单项选择题,38. 在 Windows操作系统中，下面 ( ) 叙述是错误的。
COMP-0250,第三章 操作系统,单项选择题,39. 在 Windows操作系统中， 下面 ( ) 叙述是错误的。
COMP-0251,第三章 操作系统,单项选择题,40. 下列关于 Windows文件夹的叙述，错误的是 ( ) 。
COMP-0252,第三章 操作系统,单项选择题,41. 在 Windows中，关于快捷方式说法正确的是 ( ) 。
COMP-0253,第三章 操作系统,单项选择题,42. 下列属于智能手机操作系统的是 ( )。
COMP-0254,第三章 操作系统,单项选择题,43. 下列关于 Windows的描述中，错误的是 ( ) 。
COMP-0255,第三章 操作系统,单项选择题,44. 在 Windows操作系统中， 文件的属性不包含 ( ) 。
COMP-0256,第三章 操作系统,单项选择题,45. 通过按下键盘上的 ( )按键可以将屏幕桌面复制到剪贴板。
COMP-0257,第三章 操作系统,单项选择题,46. Windows 中关于文件属性描述正确的是 ( ) 。
COMP-0258,第三章 操作系统,单项选择题,47. 计算机操作系统的主要功能是 ( )。
COMP-0259,第三章 操作系统,单项选择题,48. 微机上广泛使用的 Windows 是 ( ) 。
COMP-0260,第三章 操作系统,单项选择题,49. 下列说法正确的是 ( )。
COMP-0261,第三章 操作系统,判断题,1. 普遍认为操作系统是管理软硬件系统、改善人机界面、合理组织计算机工作编程和为用户使用计算机提供良好的运行环境的一种系统软件。
COMP-0262,第三章 操作系统,判断题,2. Windows操作系统具有“即插即用”的特点，所以可以支持所有的硬件设备。
COMP-0263,第三章 操作系统,判断题,3. Windows7桌面上的“计算机”只能管理硬件设备，不能管理软件。
COMP-0264,第三章 操作系统,判断题,4. 文件或文件夹的属性设置为只读，则该文件或文件夹不可以编辑存盘，但可以将其删除。
COMP-0265,第三章 操作系统,判断题,5. 通过对磁盘进行磁盘碎片整理，不能提高文件的读取速度。
COMP-0266,第三章 操作系统,判断题,6. 磁盘碎片指的是磁盘因为长期使用而产生的不可再用的物理缺陷，应及时清理。
COMP-0267,第三章 操作系统,判断题,7. 文件存放在磁盘中，既可以存放在磁盘的根目录下，也可以存放到某一个文件夹中。
COMP-0268,第三章 操作系统,判断题,8. 对文件重命名时，如果没有显示其扩展名，此时只能修改主文件名。
COMP-0269,第三章 操作系统,判断题,9. 为了系统安全， Windows7只支持NTFS文件格式。
COMP-0270,第三章 操作系统,填空题,1. 计算机中系统软件的核心是________________，它主要用来控制和管理计算机的所有软硬件资源。
COMP-0272,第三章 操作系统,填空题,3. ________________是直接运行在裸机上的最基本的系统软件，且任何其他软件必须在它的支持下才能运行。
COMP-0273,第三章 操作系统,填空题,4. 文件夹的命名同文件的命名规则相同，从根目录开始，所有层次的文件夹形成了一个__________________ 的组织结构。
COMP-0275,第三章 操作系统,填空题,6. 在Windows的“________________ ”对话框中的“进程”选项卡中，显示了所有当前正在运行的进程，包括应用程序、后台服务等，那些隐藏在系统底层深处的病毒程序和木马程序都可以在这里找到。
COMP-0276,第三章 操作系统,简答题,1. 简述操作系统的功能。
COMP-0279,第四章 办公自动化,单项选择题,1. 在Word 的编辑状态打开了一个文档，对文档进行修改后，当“关闭”文档后， ( )。
COMP-0280,第四章 办公自动化,单项选择题,2. 在 Word 中，文件模版的默认扩展名是 ( )。
COMP-0281,第四章 办公自动化,单项选择题,3. 在 Word 编辑状态，可以使插入点快速移到文档首部的组合键是 ( )。
COMP-0283,第四章 办公自动化,单项选择题,5. 在 Word中，选择一段文字的方法是将光标定位于待选段落中，然后 ( )。
COMP-0284,第四章 办公自动化,单项选择题,6. 在 Word 中，选定一行文本的最方便快捷的方式是 ( )。
COMP-0285,第四章 办公自动化,单项选择题,7. 在Word中，欲把整篇文档中的“计算机”全部删除，最简单的办法是使用“开始”选项卡的“编辑”组中的 ( )命令。
COMP-0286,第四章 办公自动化,单项选择题,8. 在Word 的操作叙述中， 正确的是 ( ) 。
COMP-0287,第四章 办公自动化,单项选择题,9. 在Word中， 要将文档中的“computer”换成“计算机”， 打开“查找和替换”对话框， 在“查找内容”栏里输入“computer”后， 下一步操作是 ( ) 。
COMP-0288,第四章 办公自动化,单项选择题,10. Word 中常用工具栏上 、按钮的作用是 ( ) 。
COMP-0289,第四章 办公自动化,单项选择题,11. 在 Word 中，编辑英文文本时经常会出现红色波浪线，表示 ( )。
COMP-0290,第四章 办公自动化,单项选择题,12. 在 Word编辑中，若需要自动更正经常输错的单词，应使用 ( )功能。
COMP-0291,第四章 办公自动化,单项选择题,13. 在 Word的“字体”对话框中， 不可设定文字的 ( ) 。
COMP-0292,第四章 办公自动化,单项选择题,14. 任意调整 Word 应用程序窗口的“垂直标尺”或“水平标尺”( ) 。
COMP-0293,第四章 办公自动化,单项选择题,15. 在 Word 中， 按回车键时产生一个 ( ) 。
COMP-0294,第四章 办公自动化,单项选择题,16. 在Word中，段落格式的“缩进”表示文本相对于文本边界向页内或页外缩进的一段距离，段落缩进后文本相对打印纸边界的距离等于 ( )。
COMP-0295,第四章 办公自动化,单项选择题,17. 在 Word 中，编辑文本时可以使用 ( )复制文本的格式。
COMP-0296,第四章 办公自动化,单项选择题,18. 通过 ( )操作可以方便地将一个 Word 文档中所有数字设为红色。
COMP-0297,第四章 办公自动化,单项选择题,19. 在 Word 中， 选定整个表格后， 接 Delete键， 可以 ( ) 。
COMP-0298,第四章 办公自动化,单项选择题,20. 在 Word 中，若想要绘制一个标准的圆，应该先选择椭圆工具，再按住 ( )键，然后拖动鼠标。
COMP-0299,第四章 办公自动化,单项选择题,21. 关于 Word 中的文本框，下列说法不正确的是 ( )。
COMP-0300,第四章 办公自动化,单项选择题,22. 在 Word中打印文档时，打印第1，3，9及5至7页，在打印命令中“页码范围”栏应输入 ( )。
COMP-0301,第四章 办公自动化,单项选择题,23. 一位同学正在撰写毕业论文，并且要求只用 A4规格的纸输出，在打印预览中，发现最后一页只有一行，她想把这一行提到上一页，最好的办法是 ( )。
COMP-0302,第四章 办公自动化,单项选择题,24. 每年的春节，公司要发大量内容相同的节日祝福信，只是信中的称呼不一样，为了不做重复的编辑工作、提高效率，可用以下 ( )功能实现。
COMP-0303,第四章 办公自动化,单项选择题,25. 在 Word 中，现有前后两段落且段落格式也不同，当删除前一个段落标记时，下列说法正确的是 ( )。
COMP-0304,第四章 办公自动化,单项选择题,26. 使用 ( )键，可以将光标快速移至文档尾部。
COMP-0306,第四章 办公自动化,单项选择题,28. Word 中， 默认汉字字号是 ( ) 。
COMP-0307,第四章 办公自动化,单项选择题,29. 关于 Word中“自动更正”的说法， 错误的是 ( ) 。
COMP-0309,第四章 办公自动化,单项选择题,31. 在 Word 中，通过鼠标拖动操作复制文本时，应在拖动所选定文本的同时按住 ( )键。
COMP-0310,第四章 办公自动化,单项选择题,32. 关于格式刷说法正确的是 ( )。
COMP-0311,第四章 办公自动化,单项选择题,33. 在 Word 中， 插入图片的默认版式为 ( ) 。
COMP-0312,第四章 办公自动化,单项选择题,34. 在Word中，执行菜单栏中“插入”→“首字下沉”命令，弹出“首字下沉”下拉菜单，其中选项中 A是指 ( )位置类型。
COMP-0314,第四章 办公自动化,单项选择题,36. 如图4-1所示，在 Word 中插入图形后设置的文字环绕效果分别为 ( )。
COMP-0315,第四章 办公自动化,单项选择题,37. 有关标尺的作用，下面说法正确的是 ( )。
COMP-0316,第四章 办公自动化,单项选择题,38. 在 Word中，按住 ( )键不放，再拖动鼠标可选取矩形区域。
COMP-0317,第四章 办公自动化,单项选择题,39. 关于 Word 的定位功能，下列说法正确的是 ( )。
COMP-0320,第四章 办公自动化,单项选择题,42. 将插入点定位于句子“飞流直下三千尺”中的“直”与“下”之间，按一下 Delete键，则该句子 ( )。
COMP-0325,第四章 办公自动化,单项选择题,47. 下列关于 Word的叙述， 错误的是 ( ) 。
COMP-0326,第四章 办公自动化,单项选择题,48. 在 Word 2010中， 关于文档的保护， 下面 ( ) 叙述是错误的。
COMP-0327,第四章 办公自动化,单项选择题,49. 在 Word 2010中， 关于“引用”选项卡的功能， 下面 ( ) 叙述是错误的。
COMP-0328,第四章 办公自动化,单项选择题,50. 在 Word 2010中， 下面 ( ) 叙述是错误的。
COMP-0329,第四章 办公自动化,单项选择题,51. 在Word2010中， 下面 ( ) 叙述是错误的。
COMP-0330,第四章 办公自动化,单项选择题,52. Word 文档中插入分页符的操作是在 ( ) 。
COMP-0331,第四章 办公自动化,单项选择题,53. 在页眉或页码插入的日期域代码，在文档打印时 ( )。
COMP-0332,第四章 办公自动化,单项选择题,54. 在 Word 2010中， 有关表格的操作， ( ) 表述是错误的。
COMP-0333,第四章 办公自动化,单项选择题,55. Word 的查找和替换功能很强，不属于其中之一的是 ( )。
COMP-0334,第四章 办公自动化,判断题,1. 可以通过 Word 软件制作 Web网页。
COMP-0335,第四章 办公自动化,判断题,2. Word 文档中的段落与自然语言的段落有所区别。文档中的段落是指文档中两个硬回车之间的所有字符，其中包括了段落后面的回车符。
COMP-0339,第四章 办公自动化,判断题,6. Word 文档中插入的图片可以根据需要将图片四周多余的部分裁减掉。
COMP-0340,第四章 办公自动化,判断题,7. 在 Word 中，自绘图形和艺术字默认的插入方式是嵌入式。
COMP-0341,第四章 办公自动化,判断题,8. 在 Word 中，默认的对齐方式为居中对齐。
COMP-0343,第四章 办公自动化,判断题,10. 项目符号和编号都可以通过自定义的方法选择所需的样式种类。
COMP-0344,第四章 办公自动化,判断题,11. Word 中“段落”对话框提供了单倍、多倍、固定值、多倍行距等行间距供选择。
COMP-0346,第四章 办公自动化,判断题,13. 在一个段落中，任何一行都可以加上项目符号和编号。
COMP-0347,第四章 办公自动化,判断题,14. 在Word中， 可以直接用操作命令将图4-2 (1) 的表格转换为图4-2 (2) 所示的非表格形式。
COMP-0348,第四章 办公自动化,判断题,15. Word 的字数统计功能既能统计整篇文档，又能统计部分文档。
COMP-0349,第四章 办公自动化,判断题,16. 在Word中，设置字符间距就是保持字符的高度不变，将字符宽度增大或减少一定的比例。
COMP-0350,第四章 办公自动化,判断题,17. 在 Word 中为文字设置底纹时，可以填充颜色，不能设置图案样式。
COMP-0351,第四章 办公自动化,判断题,18. Smart Art 图形只能在PowerPoint2010 中应用， 而在 Word2010不能使用。
COMP-0352,第四章 办公自动化,判断题,19. Word 中只能对整篇文档进行分栏，不能对某段落设置分栏。
COMP-0353,第四章 办公自动化,判断题,20. 在Word2010中， 选择“插入”选项卡“文本”功能组的“对象”按钮的“文件中的文字”可以将另一文档插入到当前文档光标所在的位置。
COMP-0356,第四章 办公自动化,填空题,3. 软回车是用_________________+Enter 键产生，它换行但并不换段，前后两行文字在 Word 中属于同一“段”。
COMP-0359,第四章 办公自动化,填空题,6. 在Word中，选定文档内容之后，单击工具栏上的“复制”按钮，是将选定的内容复制到_________________ 。
COMP-0361,第四章 办公自动化,填空题,8. 在Word中，按 ____________________ 快捷键与工具栏上的保存按钮功能相同。
COMP-0362,第四章 办公自动化,填空题,9. 在Word文档编辑区中，要删除插入点左边的字符，应该按____________________ 键。
COMP-0364,第四章 办公自动化,填空题,11. Word中打印预览显示的内容和打印后的格式 ____________________ 。 (填“相同”或“不相同”)
COMP-0365,第四章 办公自动化,填空题,12. 在 Word 中，如果要选定较长的文档内容，可先将光标定位于其起始位置，再按住 ________________键，单击其结束位置即可。
COMP-0366,第四章 办公自动化,填空题,13. 在编辑 Word 文档时，输入的新字符总是覆盖当前光标后面的字符，则表示当前文档处于 ________________状态。
COMP-0367,第四章 办公自动化,填空题,14. 在Word中，左缩进用于控制整个段落的左缩进量__________________，缩进仅控制段落第一行的缩进量。
COMP-0368,第四章 办公自动化,填空题,15. 用 Word 编辑文档时，为了给文档中的文本提供解释，标注相关的参考资料，可用脚注对文档内容进行注释说明，用 ____________________ 对引用的文献进行说明。
COMP-0371,第四章 办公自动化,填空题,18. 要快速将插入点定位于长文档的某一页，例如第56页，最方便的操作方式为____________________ 。
COMP-0373,第四章 办公自动化,简答题,1. 请指出如图 4-3 所示标号处对应功能的名称。 (1)____________________(2) __________________ (3)__________________(4) _____________________ (5) __________________
COMP-0374,第四章 办公自动化,简答题,2. 某公司表彰大会需要邀请嘉宾参会，并为每位嘉宾发送邀请函。现有两个文档“嘉宾名单. xlsx”和“邀请函模板. docx”， 请利用Microsoft Word 为每位嘉宾制作一份邀请函， 简述邀请函的制作步骤。
COMP-0375,第四章 办公自动化,简答题,3. 简述为文档生成目录的步骤，并将目录和正文以两种页码格式排版。
COMP-0376,第四章 办公自动化,简答题,4. 如图4-4所示，在Word文档中插入图片和图形，进行格式设置后分别得到 (1) (2) (3)(4)处所示的效果图。请分别写出 (1) (2) (3) (4)处对图片进行的格式设置是什么。 (1) __________________________ (2)________________________(3)_
COMP-0377,第四章 办公自动化,简答题,5. Word中， 请写出如图4-5中 (1) (2) (3) (4) (5) 处各使用了哪些功能排版? (1)_________________________ (2) _________________________ (3) _________________________ (4) ______________
COMP-0378,第四章 办公自动化,单项选择题,1. 在启动Excel之初，在应用程序为用户建立的工作簿中，默认包含 ( )个工作表。
COMP-0379,第四章 办公自动化,单项选择题,2. 在Excel中，在工作表的一个单元格中输入文字时，默认的对齐方式是 ( )。
COMP-0380,第四章 办公自动化,单项选择题,3. 在Excel中， 如果要在当前工作表Sheet2 的 B2 单元格中计算工作表Sheet1 的 A1 单元格中的数据与工作表Sheet3 的 A1 单元格中的数据相加之和，应输入公式 ( )。
COMP-0381,第四章 办公自动化,单项选择题,4. 在Excel中， AND()函数属于下列函数中的哪一类 ( ) 。
COMP-0382,第四章 办公自动化,单项选择题,5. 在Excel中，下列运算符中优先级最高的是 ( )。
COMP-0383,第四章 办公自动化,单项选择题,6. Excel中， 公式“= AVER AGE( C3: C5)”等价于下面哪个公式 ( ) 。
COMP-0384,第四章 办公自动化,单项选择题,7. Excel中行标题用数字表示，列标题用字母表示，那么第3 行第 2 列的单元格地址表示为 ( )。
COMP-0385,第四章 办公自动化,单项选择题,8. 在Excel 中可以通过 ( )选项卡对所选单元格进行数据筛选，筛选出符合要求的数据。
COMP-0386,第四章 办公自动化,单项选择题,9. 已知某集团部分员工的工资情况如图4-6所示，在社保费用相同的情况下，为了能够快速算出所有员工的应付工资，下图中先将公式填写在了H3 单元格中，然后复制该公式到H 列其余单元格，计算出所有员工的工资，则在H3单元格中应该输入的计算公式为 ( )。
COMP-0387,第四章 办公自动化,单项选择题,10. 在Excel中套用表格格式后，会出现 ( )功能区选项卡。
COMP-0388,第四章 办公自动化,单项选择题,11. 在Excel 中，对于进行移动和复制工作表的操作，下面说法正确的是 ( )。
COMP-0389,第四章 办公自动化,单项选择题,12. 在Excel中，下列关于清除单元格的说法正确的是 ( )。
COMP-0390,第四章 办公自动化,单项选择题,13. Excel 中取消工作表的自动筛选后 ( ) 。
COMP-0391,第四章 办公自动化,单项选择题,14. 在 Excel 中， 输入当前时间可按组合键 ( ) 。
COMP-0392,第四章 办公自动化,单项选择题,15. Excel 中提供了许多预定义的表格格式，可以快速地格式化整个表格。如图4-7 所示的预定表格格式为 ( )。
COMP-0393,第四章 办公自动化,单项选择题,16. 在Excel中，下面关于分类汇总的叙述错误的是 ( )。
COMP-0394,第四章 办公自动化,单项选择题,17. 在Excel中， 创建图表时， 一般首先 ( ) 。
COMP-0395,第四章 办公自动化,单项选择题,18. 在Excel单元格引用中， B5:E7 包含 ( ) 。
COMP-0396,第四章 办公自动化,单项选择题,19. 关于分类汇总说法正确的是 ( )。
COMP-0397,第四章 办公自动化,单项选择题,20. Excel 中在一个单元格中输入数据为1.678E+05 ， 它与 ( ) 相等。
COMP-0398,第四章 办公自动化,单项选择题,21. 在Excel中， 运算符&的作用是 ( ) 。
COMP-0399,第四章 办公自动化,单项选择题,22. 在Excel 单元格中输入 ( ) ， 该单元格显示0.3。
COMP-0400,第四章 办公自动化,单项选择题,23. 在Excel中使用( )功能后，可以将如图4-8(1)所示的表格改为图4-8(2)所示的表格。
COMP-0401,第四章 办公自动化,单项选择题,24. 下列关于 Excel 的操作叙述错误的是 ( ) 。
COMP-0402,第四章 办公自动化,单项选择题,25. 在Excel中，如果删除的单元格是其他单元格的公式所引用的，这些公式将会显示( )。
COMP-0403,第四章 办公自动化,单项选择题,26. 在Excel中， 公式=SUM("3"，2，TRUE)计算结果为 ( ) 。
COMP-0404,第四章 办公自动化,单项选择题,27. 在Excel中， 工作簿由 ( ) 组成。
COMP-0405,第四章 办公自动化,单项选择题,28. 如果Excel中某单元格显示为“# DIV/0!”， 这表示 ( ) 。
COMP-0406,第四章 办公自动化,单项选择题,29. 在Excel 工作表中， 不能进行操作的是 ( ) 。
COMP-0407,第四章 办公自动化,单项选择题,30. 在Excel 中， 若要选定区域 A1: C5和 E3:G5， 应 ( ) 。
COMP-0408,第四章 办公自动化,单项选择题,31. 设 A1单元格的内容为10， B2单元格的内容为20， 在 C2单元格中输入“ B2- A1”， 按Enter键后， C2 单元格的内容是 ( ) 。
COMP-0409,第四章 办公自动化,单项选择题,32. 在Excel中，可使用 ( )功能来校验用户输入数据的有效性。
COMP-0410,第四章 办公自动化,单项选择题,33. 关于公式=AVERAGE(A2:C2 B1:B10)和公式=AVERAGE (A2:C2， B1:B10)， 下列说法正确的是 ( )。
COMP-0411,第四章 办公自动化,单项选择题,34. 已在Excel某工作表的F1、G1单元格中分别填入了3.5和4.5，并将这两个单元格选定，然后向左拖动填充柄，在E1、D1、C1中分别填入的数据是 ( )。
COMP-0412,第四章 办公自动化,单项选择题,35. 在Excel中，直接用鼠标左键拖动智能填充柄，不可以自动产生序列的数据是 ( )。
COMP-0413,第四章 办公自动化,单项选择题,36. 当在Excel中进行操作时， 若某单元格中出现“#V ALUE!”的信息时， 其含义是 ( ) 。
COMP-0414,第四章 办公自动化,单项选择题,37. 在Excel 中，关于记录的筛选，下列说法中正确的是 ( )。
COMP-0415,第四章 办公自动化,单项选择题,38. 在Excel 中，当前工作表中有一人事档案数据列表(包含编号、姓名、年龄、部门等字段)，如欲查询部门的平均年龄，以下最合适的方法是 ( )。
COMP-0416,第四章 办公自动化,单项选择题,39. 在Excel中，若E3单元格的值大于或等于60，则F3单元格显示为“及格”否则为“不及格”，那么F3单元格的公式为 ( ) 。
COMP-0417,第四章 办公自动化,单项选择题,40. Excel中选择一定的数据区域并建立嵌入式图表，下列说法错误的是 ( )。
COMP-0418,第四章 办公自动化,单项选择题,41. Excel的高级筛选中，条件区域中不同行的条件之间是 ( )。
COMP-0419,第四章 办公自动化,单项选择题,42. 函数 SUMIF( Al: Al2，">=100"， Gl:Gl2)的功能是 ( ) 。
COMP-0420,第四章 办公自动化,单项选择题,43. 在Excel电子表格中进行数据排序操作时，用户可以指定排序的“主要关键字”和“次要关键字”， 下面叙述正确的是 ( )。
COMP-0421,第四章 办公自动化,单项选择题,44. 在Excel 工作表中， 关于“插入行”的叙述正确的是 ( ) 。
COMP-0422,第四章 办公自动化,单项选择题,45. 在Excel 中创建图表以后，发现工作表中的数据有错误，需要对图表进行修改，应该 ( )。
COMP-0423,第四章 办公自动化,单项选择题,46. 如图4-9所示，在 Excel中想要将 A列中的一些文本快速地按需求拆分到其 B列的单元格中，可以进行的操作是 ( )。
COMP-0424,第四章 办公自动化,单项选择题,47. 如图4-10所示，在工作表中只显示某种型号车辆的记录并按销量大小排序，需要使用的命令是 ( )。
COMP-0425,第四章 办公自动化,单项选择题,48. 在Excel的默认状态下，若某一单元格输入的整数位数超过了11位，则该数值在单元格中显示为 ( )。
COMP-0426,第四章 办公自动化,单项选择题,49. 在Excel的“设置单元格格式”对话框中，不可以执行的操作是 ( )。
COMP-0427,第四章 办公自动化,单项选择题,50. 假设重庆理工大学21级有一位学生的学号是21141050301，请你将这个学号输入到当前单元格中，应输入 ( )。
COMP-0428,第四章 办公自动化,单项选择题,51. 想要在当前单元格输入一个数值型数据1/5，并按分数形式显示，应输入 ( )。 王老师使用 Excel2010 在新建工作簿中创建了结构如图4-11 所示的工作表，用于处理电子商务 19 (1)班的计算机基础课成绩。请结合所学知识回答下列问题。
COMP-0429,第四章 办公自动化,单项选择题,52. 如图4-11所示，要将 A1单元格的内容“计算机基础成绩表”在 A1至G1单元格区域水平居中，需要进行的操作是 ( )。
COMP-0430,第四章 办公自动化,单项选择题,53. 如图4-11所示， 该班50 名学生学号前6位均为201903， 后2位为顺序号 01——50。下列操作中可以快速填充所有学生学号的是 ( )。
COMP-0431,第四章 办公自动化,单项选择题,54. 如图4-11所示，除“总成绩”和“名次”两列之外，其他数据都输入完成后发现存在已重复输入的行，删除这些重复行的最优操作 ( )。
COMP-0432,第四章 办公自动化,单项选择题,55. 如图4-11所示， 要按照“平时成绩占20%”、期中成绩占20%、期末成绩占60%”的要求填充“总成绩”，并以“总成绩”从高到低填充“名次”，进行了如下操作： 步骤1: 在F3 单元格输入“= C3×0.2+ D3×0.2+E3×0.6”; 步骤2：拖动F3单元格填充柄至52行； 步骤3: 在G3 单元格输入“
COMP-0433,第四章 办公自动化,单项选择题,56. 在Excel2010某单元格中输入公式=LEFT(RIGHT(“ ABC DEF”， 4)，2)， 然后回车， 该单元格中显示的数据为 ( )。
COMP-0434,第四章 办公自动化,单项选择题,57. Excel2010中，如果单元格的数字格式数值为两位小数，此时输入三位小数，则编辑框中显示 ( )。
COMP-0435,第四章 办公自动化,单项选择题,58. 在Excel 2010中， 无法对工作表进行的操作是 ( ) 。
COMP-0436,第四章 办公自动化,单项选择题,59. Excel2010中， 使用升序、降序按钮做排序操作时， 活动单元格应选定 ( ) 。
COMP-0437,第四章 办公自动化,判断题,1. 在Excel的条件格式设定好之后还可以进行添加、更改或删除条件操作。
COMP-0438,第四章 办公自动化,判断题,2. 在Excel 的工作表中插入嵌入式图表后，可以改变图表标题的位置。
COMP-0439,第四章 办公自动化,判断题,3. 在Excel中，不能设置工作簿的自动保存时间间隔。
COMP-0440,第四章 办公自动化,判断题,4. 在Excel中，选中 D8单元格，在“页面布局”选项卡的“页面设置”组中单击“分隔符”，在出现的下拉列表中选择“插入分页符”命令，可同时插入水平、垂直两个分页符。
COMP-0441,第四章 办公自动化,判断题,5. Excel的公式只能计算数值型的单元格。
COMP-0442,第四章 办公自动化,判断题,6. Excel中，自动筛选的条件只能是一个，高级筛选的条件可以是多个。
COMP-0443,第四章 办公自动化,判断题,7. Excel 工作表窗口的拆分只能水平拆分。
COMP-0444,第四章 办公自动化,判断题,8. Excel中，高级筛选不需要建立条件区，只需要指定数据区域就可以。
COMP-0445,第四章 办公自动化,判断题,9. 排序时如果有多个关键字段，则所有关键字段必须选用相同的排序趋势(递增/递减 )。
COMP-0446,第四章 办公自动化,判断题,10. 在Excel中，输入公式必须以“=”开头，输入函数时直接输入函数名，而不需要以“=”开头。
COMP-0447,第四章 办公自动化,判断题,11. 在Excel中， [汇总表]销售!$ B$10是合法的单元格引用。
COMP-0448,第四章 办公自动化,判断题,12. Excel 工作表G8单元格的值为19681.029， 执行某些操作后， 在G8单元格中显示一串“#”符号，说明G8单元格的公式有错，无法计算。
COMP-0449,第四章 办公自动化,判断题,13. COUNT 函数用于计算区域中单元格个数。
COMP-0450,第四章 办公自动化,判断题,14. 删除当前工作表的某列，只要选定该列，按键盘中 Delete键即可。
COMP-0451,第四章 办公自动化,判断题,15. 在Excel中，只要应用了一种表格格式，就不能对表格格式做更改和清除。
COMP-0452,第四章 办公自动化,判断题,16. 在Excel中，“=AVERAGE(D5:H5)”的功能是计算 D5到H5单元格区域的平均值。
COMP-0453,第四章 办公自动化,判断题,17. Excel中，在“设置单元格格式”对话框中可以设置字体格式。
COMP-0454,第四章 办公自动化,判断题,18. Excel进行“查找和替换”时可以按行、按列或者在选定区域中进行。
COMP-0455,第四章 办公自动化,判断题,19. 如果已在Excel工作表中设置好计算公式，则在工作表中插入一列时，所有公式必须重新输入。
COMP-0456,第四章 办公自动化,判断题,20. Excel中，在排序“选项”中可以指定关键字段按字母排序或按笔画排序。
COMP-0457,第四章 办公自动化,判断题,21. 在Excel 中按Ctrl+Enter组合键能在所选的多个单元格中输入相同的数据。
COMP-0458,第四章 办公自动化,判断题,22. 在Excel 中，同一张工作簿不能引用其他工作表。
COMP-0459,第四章 办公自动化,判断题,23. Excel中只能用“套用表格格式”设置表格样式，不能设置单个单元格样式。
COMP-0460,第四章 办公自动化,判断题,24. Excel中，当原始数据发生变化后，只需单击“更新数据”按钮，数据透视表就会自动更新数据。
COMP-0461,第四章 办公自动化,判断题,25. 在Excel中，单元格中只能显示公式计算结果，而不能显示输入的公式。
COMP-0466,第四章 办公自动化,填空题,1. 在 Excel 工作表的C5 单元格中有公式 将 C5单元格的公式复制到D7单元格内，则D7单元格内的公式是_______________________________
COMP-0467,第四章 办公自动化,填空题,2. Excel工作表中，要查看公式的内容，可单击单元格，在______________________内显示出该单元格的公式。
COMP-0469,第四章 办公自动化,填空题,4. 在Excel工作表中，把数值小于90的单元格内容用斜体表示，需使用____________________
COMP-0470,第四章 办公自动化,填空题,5. 在Excel 工作表中A1 单元格内输入数值20001，然后按下Ctrl键，拖动该单元格填充柄至 A8，则A8单元格中内容是 _____________________________
COMP-0471,第四章 办公自动化,填空题,6. 已知Excel 工作表中单元格 B2、B3、C2、C3的数值分别为80、85、90、95， 在 C4单元格输入公式: =COUNTIF ( B2:C3，">"&85) ， 按下Enter键后， C4单元格的值为_______________________
COMP-0472,第四章 办公自动化,填空题,7. 在Excel中，单元格中输入的文字需要换行时，按 ________________________组合键能够实现。
COMP-0473,第四章 办公自动化,填空题,8. 在Excel 中输入身份证号码时，应首先将单元格数据类型设置为 _______________ ，保证数据的准确性。
COMP-0474,第四章 办公自动化,填空题,9. 在Excel 中，某工作表里含有姓名、性别、部门、岗位、奖金等项目，现在要求对相同部门的同事按奖金从高到低进行排序，则主要关键字是_________________________________ 。
COMP-0475,第四章 办公自动化,填空题,10. 在编辑工作表时，有的工作表由于内容过宽或过长，使当前窗口不能全部显示其内容，尽管可以使用滚动条来滚动显示，但往往因标题被滚动，无法明确地看到某些单元格所代表的具体含义。利用Excel提供的 或 ____________________________ 功能，可以解决这个问题。
COMP-0476,第四章 办公自动化,填空题,11. 如果要在Excel数据表中快速查找符合条件的记录，当查找条件与多个字段相关并要求一次完成时，应使用Excel提供的_____________________________ 功能。 如图4-12所示，用Excel统计某班级的学生成绩，图中阴影部分的数据使用函数计算得到：
COMP-0477,第四章 办公自动化,填空题,12. 图4-12中，使用求和函数，在G3单元格中输入公式________________________ 通过动填充柄至G8单元格，即可计算每名学生的总分。
COMP-0478,第四章 办公自动化,填空题,13. 图4-12中，使用求平均值函数，在C9单元格中输入公式 ____________________________，通过拖动填充柄 至 F9单元格，即可计算每门课程的平均分。
COMP-0479,第四章 办公自动化,填空题,14. 图4-12中， 使用 COUNTIF 函数， 在D10单元格中输入公式______________________________， 计算总分超过300分的学生人数。
COMP-0480,第四章 办公自动化,填空题,15. 具有规范二维表特性的电子表格在 Excel2010中被称为______________________________________ 。
COMP-0481,第四章 办公自动化,填空题,16. 在Excel 2010中， 假设当前单元格在Sheetl工作表中， 想要求Sheet2 工作表中A1到 A10这10个单元格中的最大值，应在当前单元格中输入公式________________________________________ 。
COMP-0482,第四章 办公自动化,填空题,17. Excel2010中包含三种模拟分析工具：方案管理器、模拟运算表和_______________________。
COMP-0488,第四章 办公自动化,单项选择题,1. 在如图4-18所示的PowerPoint演示文稿视图中，工作区域分为上下两部分，上部分是幻灯片，下部分是文本框，该视图是 ( )。
COMP-0489,第四章 办公自动化,单项选择题,2. 在PowerPoint幻灯片浏览视图下，按住 Ctrl键并拖动某页幻灯片，可以完成的操作是 ( )。
COMP-0490,第四章 办公自动化,单项选择题,3. 下列关于 PowerPoint动画的叙述， 错误的是 ( ) 。
COMP-0491,第四章 办公自动化,单项选择题,4. 在PowerPoint中，某些幻灯片在普通视图下能显示，但在放映时却不出现，是因为对这些幻灯片执行的操作是 ( )。
COMP-0492,第四章 办公自动化,单项选择题,5. 在PowerPoint中， 母版视图不包括 ( ) 。
COMP-0493,第四章 办公自动化,单项选择题,6. 在PowerPoint中，对于已创建的多媒体演示文稿可以用 ( )命令转移到其他未安装PowerPoint 的机器上放映。
COMP-0494,第四章 办公自动化,单项选择题,7. 在 PowerPoint中， 有关插入多媒体素材说法错误的是 ( ) 。
COMP-0528,第四章 办公自动化,填空题,2. 在PowerPoint幻灯片中设置的超链接，只有在_____________________ 视图下才能表现效果。
COMP-0529,第四章 办公自动化,填空题,3. PowerPoint的母版分为_______________________ 、讲义母版和备注母版三类。
COMP-0531,第四章 办公自动化,填空题,5. 在对PowerPoint 的幻灯片进行选择、插入、复制、移动和删除等操作时，最方便的操作视图是_________________________ 。
COMP-0532,第四章 办公自动化,填空题,6. 在PowerPoint中，对幻灯片页面外观修饰的常用方法有 ______________________ 、设置幻灯片背景和应 用母版。
COMP-0533,第四章 办公自动化,填空题,7. 在PowerPoint中，最常用的幻灯片放映方式为_______________________ 、观众自行浏览和在展台浏览。
COMP-0536,第四章 办公自动化,填空题,10. PowerPoint中提供了6种工作视图，分别是普通视图、幻灯片浏览视图、幻灯片放映视图、_______________________ 、备注页视图和母版视图。
COMP-0537,第四章 办公自动化,填空题,11. 如果希望在演示过程中终止幻灯片的演示，则随时可按 ________________________ 键终止。
COMP-0538,第四章 办公自动化,填空题,12. 演示文稿的第一张幻灯片通常叫为_____________________________ ，其中包括标题占位符和副标题占位符。
COMP-0544,第五章 网络与信息安全,单项选择题,1. 计算机网络是计算机技术与 ( )相结合的产物。
COMP-0545,第五章 网络与信息安全,单项选择题,2. 国家“三网合一”指的是 ( ) 。
COMP-0546,第五章 网络与信息安全,单项选择题,3. 下列关于带宽的叙述中，正确的是 ( )。
COMP-0548,第五章 网络与信息安全,单项选择题,5. 以下不属于计算机网络的主要功能的是 ( )。
COMP-0549,第五章 网络与信息安全,单项选择题,6. M AN 通常是指 ( ) 。
COMP-0550,第五章 网络与信息安全,单项选择题,7. 各节点都与中心节点连接，呈辐射状排列在中心节点周围，这种结构是 ( )。 77
COMP-0551,第五章 网络与信息安全,单项选择题,8. 对于单个节点的故障不会影响到网络的其他部分，但中心节点的故障会导致整个网络瘫痪的网络拓扑结构是 ( )。
COMP-0552,第五章 网络与信息安全,单项选择题,9. 可靠性最高的网络拓扑结构是 ( )。
COMP-0554,第五章 网络与信息安全,单项选择题,11. 下列有关网络拓扑结构的说法不正确的是 ( )。
COMP-0555,第五章 网络与信息安全,单项选择题,12. 下列计算机网络所使用的传输介质中，不属于无线传输介质的是 ( )。
COMP-0556,第五章 网络与信息安全,单项选择题,13. 关于计算机网络的分类，以下说法正确的是 ( )。
COMP-0557,第五章 网络与信息安全,单项选择题,14. 在计算机网络中，通常把提供并管理共享资源的计算机称为 ( )。
COMP-0558,第五章 网络与信息安全,单项选择题,15. 网卡(网络适配器)的主要功能不包括 ( )。
COMP-0559,第五章 网络与信息安全,单项选择题,16. 用来补偿数字信号在传输过程中的衰减损失的设备是 ( )。
COMP-0560,第五章 网络与信息安全,单项选择题,17. 连接计算机到集线器的双绞线的最大长度为 ( )。
COMP-0561,第五章 网络与信息安全,单项选择题,18. IP 是 T CP/IP体系的 ( ) 协议。
COMP-0562,第五章 网络与信息安全,单项选择题,19. 关于局域网的叙述不正确的是 ( )。
COMP-0563,第五章 网络与信息安全,单项选择题,20. URL 的含义是 ( ) 。
COMP-0564,第五章 网络与信息安全,单项选择题,21. 下列关于网络通信的说法中不正确的是 ( )。
COMP-0565,第五章 网络与信息安全,单项选择题,22. 当电子邮件到达时，若收件人没有开机，该邮件将 ( )。
COMP-0566,第五章 网络与信息安全,单项选择题,23. 互联网通常使用的网络通信协议是 ( )。
COMP-0567,第五章 网络与信息安全,单项选择题,24. Internet 是通过 ( ) 将物理网络互连在一起的虚拟网络。
COMP-0568,第五章 网络与信息安全,单项选择题,25. 关于 Internet 常用术语说法不正确的是 ( ) 。
COMP-0569,第五章 网络与信息安全,单项选择题,26. 以下不属于计算机网络的基本功能的是 ( )。
COMP-0570,第五章 网络与信息安全,单项选择题,27. 集线器的主要作用是 ( )。
COMP-0571,第五章 网络与信息安全,单项选择题,28. 网卡是计算机网络中最重要的连接设备之一，其主要作用是 ( )。
COMP-0572,第五章 网络与信息安全,单项选择题,29. 在局域网中，运行网络操作系统的设备是 ( )。
COMP-0573,第五章 网络与信息安全,单项选择题,30. 有关Modem， 以下说法中 ( ) 是错误的。
COMP-0574,第五章 网络与信息安全,单项选择题,31. IP 地址 188.42.241.6所属的类型是 ( ) 。
COMP-0575,第五章 网络与信息安全,单项选择题,32. 路由器属于网间连接设备，它能够在复杂的网络环境中，完成数据包的传送工作，路由器工作在 ( )。
COMP-0576,第五章 网络与信息安全,单项选择题,33. Internet中有关主机域名与主机IP 地址的下列说法， 不正确的是 ( ) 。
COMP-0577,第五章 网络与信息安全,单项选择题,34. 在Internet中， 路由器的作用是网络互连和 ( ) 。
COMP-0578,第五章 网络与信息安全,单项选择题,35. 以下有关 TCP/IP 协议的叙述错误的是 ( ) 。
COMP-0579,第五章 网络与信息安全,单项选择题,36. 以下相关说法中错误的是 ( )。
COMP-0580,第五章 网络与信息安全,单项选择题,37. Internet 使用的IP 地址是由小数点隔开的四个十进制数组成，下列属于IP 地址的是 ( )。
COMP-0581,第五章 网络与信息安全,单项选择题,38. 有关电子邮件地址 1234567@qq.com ，下列说法不正确的是( )。
COMP-0582,第五章 网络与信息安全,单项选择题,39. Internet中人们常用域名表示主机，但在实际处理中，须由 ( ) 将域名翻译成IP地址。
COMP-0583,第五章 网络与信息安全,单项选择题,41. 在开放系统互连参考模型中，承担路由选择功能的层是 ( )。
COMP-0584,第五章 网络与信息安全,单项选择题,42. 在 Internet中， 匿名 FTP 是指 ( ) 。
COMP-0585,第五章 网络与信息安全,单项选择题,43. TCP/IP 协议的含义是 ( ) 。
COMP-0586,第五章 网络与信息安全,单项选择题,44. IPv6 地址是用 ( ) 二进制位数表示的。
COMP-0587,第五章 网络与信息安全,单项选择题,45. 在Internet服务中， 用于远程登录的是 ( ) 。
COMP-0589,第五章 网络与信息安全,单项选择题,47. Internet在IP 地址的基础上提供了一种面向用户的字符型主机地址命名机制，这就是 ( )。
COMP-0590,第五章 网络与信息安全,单项选择题,48. 关于电子邮件的叙述不正确的是 ( )。
COMP-0592,第五章 网络与信息安全,单项选择题,50. 当前广泛使用的IP 地址是由 ( )位二进制位组成的。
COMP-0593,第五章 网络与信息安全,单项选择题,51. 下面叙述错误的是 ( ) 。
COMP-0594,第五章 网络与信息安全,单项选择题,52. 以下 ( )工作不能在网上进行。
COMP-0595,第五章 网络与信息安全,单项选择题,53. 以下有关IE浏览器的说法，不正确的是 ( )。
COMP-0596,第五章 网络与信息安全,单项选择题,54. 以下 ( ) 是正确的IPv4 地址。
COMP-0597,第五章 网络与信息安全,单项选择题,55. 某学校校园网主机地址为: 210.192.168.0， 请问这个IP 地址是 ( ) IP 地址。
COMP-0598,第五章 网络与信息安全,单项选择题,57. 不属于局域网的特点的是 ( )。
COMP-0599,第五章 网络与信息安全,单项选择题,58. 当我们采用255.255.255.0作为子网掩码， 说明此网络中终端的台数至多 ( ) 。
COMP-0600,第五章 网络与信息安全,单项选择题,59. 下列表示 C 类IP 地址范围的是 ( ) 。
COMP-0601,第五章 网络与信息安全,单项选择题,60. 某主机IP地址为172.16.163.40， 子网掩码为255.255.0.0， 则与该主机处于同一网段的IP为 ( ) 。
COMP-0603,第五章 网络与信息安全,单项选择题,62. 若某主机的IP地址为192.168.1.2， 子网掩码为255.255.255.0， 则该主机所属网络的可分配IP 地址数 (包括该主机地址)是 ( )。
COMP-0604,第五章 网络与信息安全,单项选择题,63. IPv4地址可分为 A、 B、 C、 D、E五类， 一个 C类网络可分配的主机IP 地址的数量是 ( ) 。
COMP-0605,第五章 网络与信息安全,单项选择题,64. 如图5-1所示，若使主机 A和主机 B能够互相访问，则主机 B正确的网络参数配置是( )。
COMP-0607,第五章 网络与信息安全,单项选择题,66. 关于网页说法不正确的是 ( )。
COMP-0608,第五章 网络与信息安全,单项选择题,67. 在制作网页时，为了达到跳转到固定位置的目的，可以使用 ( )。
COMP-0609,第五章 网络与信息安全,单项选择题,68. 下列不属于网页的内容元素的是 ( )。
COMP-0610,第五章 网络与信息安全,单项选择题,69. 建立主题网站的顺序是 ( )。
COMP-0611,第五章 网络与信息安全,单项选择题,70. 以下有关 HTML 的说法错误的是 ( ) 。
COMP-0612,第五章 网络与信息安全,单项选择题,71. 在HTML 文件中， 段落标记是 ( ) 。
COMP-0613,第五章 网络与信息安全,单项选择题,72. 下列不能使用Dreamweaver 编辑的文件类型是
COMP-0615,第五章 网络与信息安全,单项选择题,74. 防火墙是指 ( )。
COMP-0616,第五章 网络与信息安全,单项选择题,75. 计算机病毒通常是 ( )。
COMP-0617,第五章 网络与信息安全,单项选择题,76. 在下列选项中，不属于计算机病毒特征的是 ( )。
COMP-0618,第五章 网络与信息安全,单项选择题,77. 以下属于信息安全所面临的人为威胁的是 ( )。
COMP-0619,第五章 网络与信息安全,单项选择题,78. 有关防火墙技术，以下说法错误的是 ( )。
COMP-0620,第五章 网络与信息安全,单项选择题,79. 目前常用的杀毒软件的作用是 ( )。
COMP-0621,第五章 网络与信息安全,单项选择题,80. 为了保证数据在遭到破坏后能及时恢复，必须定期进行 ( )。
COMP-0622,第五章 网络与信息安全,单项选择题,81. 以下有关病毒的说法错误的是 ( )。
COMP-0623,第五章 网络与信息安全,单项选择题,82. 计算机病毒之所以具有强大的传播能力，实质就是因为它具有较强的 ( )能力。
COMP-0624,第五章 网络与信息安全,单项选择题,83. 关于计算机病毒，以下说法不正确的是 ( )。
COMP-0625,第五章 网络与信息安全,单项选择题,84. ( )与预防计算机病毒无关。
COMP-0626,第五章 网络与信息安全,单项选择题,85. 关于计算机病毒的特点，下面说法不正确的是 ( )。
COMP-0627,第五章 网络与信息安全,单项选择题,86. 关于杀毒软件，以下说法正确的是 ( )。
COMP-0628,第五章 网络与信息安全,单项选择题,87. 关于杀毒软件，以下说法不正确的是 ( )。
COMP-0629,第五章 网络与信息安全,单项选择题,88. 关于防火墙，下列说法中不正确的是 ( )。
COMP-0630,第五章 网络与信息安全,单项选择题,89. Internet( 因特网)起源于 ( ) 。
COMP-0631,第五章 网络与信息安全,单项选择题,90. 2020年7月23日，我国在文昌航天发射场用长征五号遥四运载火箭成功发射“天问一号”火星探测器，迈出独立开展行星际探测的第一步。“天问一号”与地球之间通信使用的传输介质为 ( )。
COMP-0633,第五章 网络与信息安全,单项选择题,92. TCP/IP 体系结构中，下列网络层次与协议对应关系正确的是 ( )。
COMP-0634,第五章 网络与信息安全,单项选择题,93. 在内部网络与外部网络之间设置屏障，以防止内部网络受到外部恶意软件或黑客攻击的技术是 ( )。
COMP-0635,第五章 网络与信息安全,单项选择题,94. 当从Internet获取邮件时， 自己的电子信箱是设在 ( ) 。
COMP-0636,第五章 网络与信息安全,单项选择题,95. 用户在本地计算机上控制另一个地方计算机的一种技术是 ( )。
COMP-0637,第五章 网络与信息安全,单项选择题,96. 在IE 中，若要把整个网页的文字和图片一起保存在一个文件中，则文件的类型应为( ) 。
COMP-0638,第五章 网络与信息安全,单项选择题,97. 在下列软件中，不能制作网页的软件是 ( )。
COMP-0639,第五章 网络与信息安全,单项选择题,98. 使用 ( )可以链接到同一网页或不同网页中指定位置。
COMP-0640,第五章 网络与信息安全,单项选择题,99. 页面布局是对网页中的各个元素在网页上进行合理安排，使其具有和谐的比例和艺术的效果。在 Dreamweaver中， 常常借助 ( ) 来布局页面。
COMP-0641,第五章 网络与信息安全,单项选择题,100. 下列不属于信息安全技术的是 ( )。
COMP-0642,第五章 网络与信息安全,判断题,1. 网络操作系统是网络的心脏和灵魂，是向网络计算机提供服务的特殊的操作系统。
COMP-0643,第五章 网络与信息安全,判断题,2. 网络协议分层设计有利于网络的实现和维护以及网络技术的发展。
COMP-0644,第五章 网络与信息安全,判断题,3. Internet是由网络路由器和通信线路连接的，基于通信协议 OSI 参考模型构成的当今信息社会的基础结构。
COMP-0645,第五章 网络与信息安全,判断题,4. OSI参考模型从下到上依次是物理层、数据链路层、网络层、传输层、会话层、表示层、应用层。
COMP-0646,第五章 网络与信息安全,判断题,5. 发送电子邮件前不能确知电子邮件是否能够送达。
COMP-0647,第五章 网络与信息安全,判断题,6. 带宽指信道所能传送的信号的频率宽度，就是可传送信号的最高频率与最低频率之差。
COMP-0648,第五章 网络与信息安全,判断题,7. FTP 是 Internet中的一种文件传输服务，它可以将文件下载到本地计算机中。
COMP-0649,第五章 网络与信息安全,判断题,8. 计算机网络协议是为计算机网络中进行数据交换而建立的规则、标准或约定的集合。
COMP-0650,第五章 网络与信息安全,判断题,9. Outlo ok Express 是一款性能优越的即时通讯软件， 专用于电子邮件处理。
COMP-0653,第五章 网络与信息安全,判断题,12. E-mail地址就是我们的物理地址。
COMP-0654,第五章 网络与信息安全,判断题,13. 网络软件是一种在网络环境下使用和运行或者控制和管理网络工作的计算机软件。
COMP-0655,第五章 网络与信息安全,判断题,14. 一台接入因特网的计算机可以没有域名，但不能没有IP 地址。
COMP-0656,第五章 网络与信息安全,判断题,15. 只知道服务器的IP 地址，而没有该服务器的域名，则无法访问该服务器。
COMP-0657,第五章 网络与信息安全,判断题,16. 在Internet 中， 一个域名只能对应一个 IP 地址， 同样一个 IP 地址也只能对应一个域名。
COMP-0658,第五章 网络与信息安全,判断题,17. IPv4地址包括网络地址和主机地址，必须符合IP通信协议，具有唯一性，共含32个二进制位。
COMP-0659,第五章 网络与信息安全,判断题,18. 主页是网站上信息量最大的网页。
COMP-0660,第五章 网络与信息安全,判断题,19. 使用浏览器在浏览过程中，无法保存网页中的图片。
COMP-0661,第五章 网络与信息安全,判断题,20. 在网页中超链接是有各种各样的外观形状，可以是各种颜色的数字但不能是图片和图像。
COMP-0662,第五章 网络与信息安全,判断题,21. 在网页中设置热点实际在设置超链接。
COMP-0663,第五章 网络与信息安全,判断题,22. 浏览器的功能之一是向用户提供友好的使用界面，将用户的信息查询请求转换成查询命令，传送给Internet上相应的WWW 服务器进行处理。
COMP-0664,第五章 网络与信息安全,判断题,23. 所有网站必须经过发布之后，用户方可通过浏览器访问。
COMP-0665,第五章 网络与信息安全,判断题,24. 计算机病毒对计算机网络系统威胁不大。
COMP-0666,第五章 网络与信息安全,判断题,25. 黑客攻击是属于人为的攻击行为。
COMP-0670,第五章 网络与信息安全,判断题,29. 防火墙的实现手段是软硬件结合，不能用单一的软件或硬件实现。
COMP-0672,第五章 网络与信息安全,判断题,31. 为了保证信息在网络传输过程中用户身份的不可否认性，常常采用数字签名技术。这里的数字签名是将手写签名以电子的形式附在文档中。
COMP-0673,第五章 网络与信息安全,判断题,32. 防火墙可以解决来自内部网络的攻击和安全问题。
COMP-0674,第五章 网络与信息安全,案例题,小明毕业后通过招聘考试进入某高校从事机房维护工作。现在有一个机房已有20台电脑，现在要新增加10台电脑，需要小明协助完成此工作任务。 小明观察发现，此机房现有的20台电脑已接入至交换机，且交换机目前还剩下2个RJ-45 接口，此时小明手上的交换机均为8端口的，则小明需要准备 1 个交换机，并完成线路连接。连接好线路之后
COMP-0675,第五章 网络与信息安全,填空题,1. 通常顶级域名由三个字母组成，其中edu表示__________________ 机构。
COMP-0676,第五章 网络与信息安全,填空题,2. 在 Internet上，文件传输服务采用的通信协议是_________________ 。
COMP-0677,第五章 网络与信息安全,填空题,3. 给每一个连接在Internet上主机分配的唯一的32位地址称为____________________________ 。
COMP-0683,第五章 网络与信息安全,填空题,9. 在 Windows系统中， ping命令的作用是_____________________________ 。
COMP-0684,第五章 网络与信息安全,填空题,10. T CP/IP 的中文名称是_________________________ ，它是网络数据传输的基础。
COMP-0688,第五章 网络与信息安全,填空题,14. 网络连接设备中，_______________________ 是用来实现不同类型的网络之间互联的。
COMP-0690,第五章 网络与信息安全,填空题,16. 在HTML网页文件中，定义网页主体的标记符是________________________ 。
COMP-0692,第五章 网络与信息安全,填空题,18. ___________________ 、Flash、Fireworks被称为网页三剑客。
COMP-0694,第五章 网络与信息安全,填空题,20. 用来引导用户访问其他网页，并且作为浏览起始点的特殊网页称为______________________ 。
COMP-0696,第五章 网络与信息安全,填空题,22. 常用的网页媒体元素有文本、静态图像、音频、动态图像和 ____________________ 。
COMP-0698,第五章 网络与信息安全,填空题,24. 若要超链接到某个电子邮箱，则电子邮件地址之前应加 _________________________________ 。
COMP-0699,第五章 网络与信息安全,填空题,25. 在网页发布过程中，每个 Web站点有一个主目录，要从主目录以外的目录发布信息，应创建_______________________
COMP-0700,第五章 网络与信息安全,填空题,26. 按照防火墙保护网络使用方法的不同，可将其分为网络层防火墙、_______________________ 防火墙和链路层防火墙。
COMP-0701,第五章 网络与信息安全,填空题,27. 在HTML 中，创建超链接使用的标记是_______________________ 。
COMP-0703,第五章 网络与信息安全,简答题,1. 简述常用的网络传输介质和特点。
COMP-0704,第五章 网络与信息安全,简答题,2. 生活在信息时代，各种隐私信息泄露是人们面临的大问题。平时生活上网过程中，你是如何避免信息泄露的?